Rule class order,Rule class name,RuleType,row (within class),feast / season type,evening name,day name,Is Seasonal Time,ByDayOfWeek-Weekday,ByDayOfMonth-Year,ByDayOfMonth-Month,ByDayOfMonth-Day,OT1,OT2a,OT2b,NT1,NT2,Morning OT,Morning NT,Evening OT,Evening NT,M Psalm main,M Psalm optional,M omitted if canticle,E Psalm main,E optional,E omitted if canticle
1,BaseAdvent.cs,ByDayOfWeek,0,Advent,,1st Sunday of Advent,TRUE,Su,,,,,,,,,,,,,,,,,,
1,BaseAdvent.cs,ByDayOfWeek,1,Advent,,Week of 1st Sunday of Advent,TRUE,M,,,,Isaiah 25:1–9,Isaiah 42:18–end,N/A,Matthew 12:1–21,Revelation 19,,,,,50,54,,71,70,
1,BaseAdvent.cs,ByDayOfWeek,2,Advent,,Week of 1st Sunday of Advent,TRUE,T,,,,Isaiah 26:1–13,Isaiah 43:1–13,N/A,Matthew 12:22–37,Revelation 20,,,,,80,82,,74,75,
1,BaseAdvent.cs,ByDayOfWeek,3,Advent,,Week of 1st Sunday of Advent,TRUE,W,,,,Isaiah 28:1–13,Isaiah 43:14–end,N/A,Matthew 12:38–end,Revelation 21:1–8,,,,,7,5,,77,76,
1,BaseAdvent.cs,ByDayOfWeek,4,Advent,,Week of 1st Sunday of Advent,TRUE,Th,,,,Isaiah 28:14–end,Isaiah 44:1–8,N/A,Matthew 13:1–23,Revelation 21:9–21,,,,,42,43,,40,46,
1,BaseAdvent.cs,ByDayOfWeek,5,Advent,,Week of 1st Sunday of Advent,TRUE,F,,,,Isaiah 29:1–14,Isaiah 44:9–23,N/A,Matthew 13:24–43,Revelation 21:22–22:5,,,,,25,26,,17,16,
1,BaseAdvent.cs,ByDayOfWeek,6,Advent,,Week of 1st Sunday of Advent,TRUE,S,,,,Isaiah 29:15–end,Isaiah 44:24–45:13,N/A,Matthew 13:44–end,Revelation 22:6–end,,,,,9,,10,27,27,
1,BaseAdvent.cs,ByDayOfWeek,7,Advent,,2nd Sunday of Advent,TRUE,Su,,,,,,,,,,,,,,,,,,
1,BaseAdvent.cs,ByDayOfWeek,8,Advent,,Week of 2nd Sunday of Advent,TRUE,M,,,,Isaiah 30:1–18,Isaiah 45:14–end,N/A,Matthew 14:1–12,1 Thessalonians 1,,,,,44,,,144,146,
1,BaseAdvent.cs,ByDayOfWeek,9,Advent,,Week of 2nd Sunday of Advent,TRUE,T,,,,Isaiah 30:19–end,Isaiah 46,N/A,Matthew 14:13–end,1 Thessalonians 2:1–12,,,,,56,57,,11,"12,13",
1,BaseAdvent.cs,ByDayOfWeek,10,Advent,,Week of 2nd Sunday of Advent,TRUE,W,,,,Isaiah 31,Isaiah 47,N/A,Matthew 15:1–20,1 Thessalonians 2:13–end,,,,,62,63,,10,14,
1,BaseAdvent.cs,ByDayOfWeek,11,Advent,,Week of 2nd Sunday of Advent,TRUE,Th,,,,Isaiah 32,Isaiah 48:1–11,N/A,Matthew 15:21–28,1 Thessalonians 3,,,,,54,"53, 60",,73,,
1,BaseAdvent.cs,ByDayOfWeek,12,Advent,,Week of 2nd Sunday of Advent,TRUE,F,,,,Isaiah 33:1–22,Isaiah 48:12–end,N/A,Matthew 15:29–end,1 Thessalonians 4:1–12,,,,,86,85,,90,82,
1,BaseAdvent.cs,ByDayOfWeek,13,Advent,,Week of 2nd Sunday of Advent,TRUE,S,,,,Isaiah 35,Isaiah 49:1–13,N/A,Matthew 16:1–12,1 Thessalonians 4:13–end,,,,,145,,,94,93,
1,BaseAdvent.cs,ByDayOfWeek,14,Advent,,3rd Sunday of Advent,TRUE,Su,,,,,,,,,,,,,,,,,,
1,BaseAdvent.cs,ByDayOfWeek,15,Advent,,Week of 3rd Sunday of Advent,TRUE,M,,,,"Isaiah 38:1–8,38:21–22",Isaiah 49:14–25,N/A,Matthew 16:13–end,1 Thessalonians 5:1–11,,,,,40,,,26,25,
1,BaseAdvent.cs,ByDayOfWeek,16,Advent,,Week of 3rd Sunday of Advent,TRUE,T,,,,Isaiah 38:9–20,Isaiah 50,N/A,Matthew 17:1–13,1 Thessalonians 5:12–end,,,,,70,74,,50,54,
1,BaseAdvent.cs,ByDayOfWeek,17,Advent,,Week of 3rd Sunday of Advent,TRUE,W,,,,Isaiah 39,Isaiah 51:1–8,N/A,Matthew 17:14–21,2 Thessalonians 1,,,,,75,96,,82,25,
1,BaseAdvent.cs,ByDayOfWeek,18,Advent,,Week of 3rd Sunday of Advent,TRUE,Th,,,,Zephaniah 1:1–2:3,Isaiah 51:9–16,N/A,Matthew 17:22–end,2 Thessalonians 2,,,,,76,97,,44,,
1,BaseAdvent.cs,ByDayOfWeek,19,Advent,,Week of 3rd Sunday of Advent,TRUE,F,,,,Zephaniah 3:1–13,Isaiah 51:17–end,N/A,Matthew 18:1–20,2 Thessalonians 3,,,,,98,77,,49,,
1,BaseAdvent.cs,ByDayOfWeek,20,Advent,,Week of 3rd Sunday of Advent,TRUE,S,,,,Zephaniah 3:14–end,Isaiah 52:1–12,N/A,Matthew 18:21–end,Jude,,,,,71,,,43,42,
1,BaseAdvent.cs,ByDayOfWeek,21,Advent,,4th Sunday of Advent,TRUE,Su,,,,,,,,,,,,,,,,,,
1,BaseAdvent.cs,ByDayOfWeek,22,Advent,,Week of 4th Sunday of Advent,TRUE,M,,,,"Malachi 1:1,1:6–end",Isaiah 52:13–end; Isaiah 53,N/A,Matthew 19:1–12,2 Peter 1:1–15,,,,,,,,,,
1,BaseAdvent.cs,ByDayOfWeek,23,Advent,,Week of 4th Sunday of Advent,TRUE,T,,,,Malachi 2:1–16,Isaiah 54,N/A,Matthew 19:13–15,2 Peter 1:16–2:3,,,,,,,,,,
1,BaseAdvent.cs,ByDayOfWeek,24,Advent,,Week of 4th Sunday of Advent,TRUE,W,,,,Malachi 2:17–3:12,Isaiah 55,N/A,Matthew 19:16–end,2 Peter 2:4–end,,,,,,,,,,
1,BaseAdvent.cs,ByDayOfWeek,25,Advent,,Week of 4th Sunday of Advent,TRUE,Th,,,,Malachi 3:13–end; Malachi 4,Isaiah 56:1–8,N/A,Matthew 23:1–12,2 Peter 3,,,,,,,,,,
1,BaseAdvent.cs,ByDayOfWeek,26,Advent,,Week of 4th Sunday of Advent,TRUE,F,,,,Nahum 1,Isaiah 63:1–6,N/A,Matthew 23:13–28,2 John,,,,,,,,,,
1,BaseAdvent.cs,ByDayOfWeek,27,Advent,,Week of 4th Sunday of Advent,TRUE,S,,,,Obadiah,Isaiah 58,N/A,Matthew 23:29–end,3 John,,,,,,,,,,
1,BaseAdvent.cs,ByDayOfWeek,28,,,1st Sunday of Christmas,TRUE,Su,,,,,,,,,,,,,,,,,,
1,BaseAdvent.cs,ByDayOfWeek,29,,,Week of 1st Sunday of Christmas,TRUE,M,,,,,,,,,,,,,,,,,,
1,BaseAdvent.cs,ByDayOfWeek,30,,,Week of 1st Sunday of Christmas,TRUE,T,,,,,,,,,,,,,,,,,,
1,BaseAdvent.cs,ByDayOfWeek,31,,,Week of 1st Sunday of Christmas,TRUE,W,,,,,,,,,,,,,,,,,,
1,BaseAdvent.cs,ByDayOfWeek,32,,,Week of 1st Sunday of Christmas,TRUE,Th,,,,,,,,,,,,,,,,,,
1,BaseAdvent.cs,ByDayOfWeek,33,,,Week of 1st Sunday of Christmas,TRUE,F,,,,,,,,,,,,,,,,,,
1,BaseAdvent.cs,ByDayOfWeek,34,,,Week of 1st Sunday of Christmas,TRUE,S,,,,,,,,,,,,,,,,,,
1,BaseAdvent.cs,ByDayOfWeek,35,,,2nd Sunday of Christmas,TRUE,Su,,,,,,,,,,,,,,,,,,
1,BaseAdvent.cs,ByDayOfWeek,36,,,Week of 2nd Sunday of Christmas,TRUE,M,,,,,,,,,,,,,,,,,,
1,BaseAdvent.cs,ByDayOfWeek,37,,,Week of 2nd Sunday of Christmas,TRUE,T,,,,,,,,,,,,,,,,,,
1,BaseAdvent.cs,ByDayOfWeek,38,,,Week of 2nd Sunday of Christmas,TRUE,W,,,,,,,,,,,,,,,,,,
1,BaseAdvent.cs,ByDayOfWeek,39,,,Week of 2nd Sunday of Christmas,TRUE,Th,,,,,,,,,,,,,,,,,,
1,BaseAdvent.cs,ByDayOfWeek,40,,,Week of 2nd Sunday of Christmas,TRUE,F,,,,,,,,,,,,,,,,,,
1,BaseAdvent.cs,ByDayOfWeek,41,,,Week of 2nd Sunday of Christmas,TRUE,S,,,,,,,,,,,,,,,,,,
2,SpecificDaysInAdventAndEpiphany.cs,ByDayOfMonth,1,,,,TRUE,,,12,19,,,,,,,,,,146,144,,57,10,
2,SpecificDaysInAdventAndEpiphany.cs,ByDayOfMonth,2,,,,TRUE,,,12,20,,,,,,,,,,46,95,,4,9,
2,SpecificDaysInAdventAndEpiphany.cs,ByDayOfMonth,3,,,,TRUE,,,12,21,,,,,,,,,,121,"122, 123",,84,80,
2,SpecificDaysInAdventAndEpiphany.cs,ByDayOfMonth,4,,,,TRUE,,,12,22,,,,,,,,,,124,"125,126,127",,24,48,
2,SpecificDaysInAdventAndEpiphany.cs,ByDayOfMonth,5,,,,TRUE,,,12,23,,,,,,,,,,130,"128,129,131",,89:1-37,,
2,SpecificDaysInAdventAndEpiphany.cs,ByDayOfMonth,6,EveningBefore,,Christmas eve,TRUE,,,12,24,,,,,,,,Zechariah 2,Revelation 1:1-8,45,113,,85,,
2,SpecificDaysInAdventAndEpiphany.cs,ByDayOfMonth,7,PrincipalFeast;PrincipalHolyDay,,Christmas day,TRUE,,,12,25,,,,,,Isaiah 62:1-5,Matthew 1:18-25,Isaiah 65:17-25,Philippians 2:5-11; Luke 2:1-20,110,117,,8,,
2,SpecificDaysInAdventAndEpiphany.cs,ByDayOfMonth,8,Festival,,"St Stephen, the first Christian Martyr",TRUE,,,12,26,,,,,,Jeremiah 26:12-15,Acts 6,Genesis 4:1-10,Matthew 23:34-39,13,"31:1-8, 150",,86,57,
2,SpecificDaysInAdventAndEpiphany.cs,ByDayOfMonth,9,Festival,,St John the Evangelist,TRUE,,,12,27,,,,,,Exodus 33:12-23,1 John 2:1-11,Isaiah 6:1-8,1 John 5:1-12,21,147:13-end,,97,,
2,SpecificDaysInAdventAndEpiphany.cs,ByDayOfMonth,10,Festival,,Holy Innocents,TRUE,,,12,28,,,,,,Genesis 37:13-20,Matthew 18:1-10,Isaiah 49:14-25,Mark 10:13-16,36,146,,128,123,
2,SpecificDaysInAdventAndEpiphany.cs,ByDayOfMonth,11,,,,TRUE,,,12,29,Jonah 1,Isaiah 57:15–end,,Colossians 1:1–14,John 1:1–18,,,,,19,20,,132,131,
2,SpecificDaysInAdventAndEpiphany.cs,ByDayOfMonth,12,,,,TRUE,,,12,30,Jonah 2,Isaiah 59:1–15a,,Colossians 1:15–23,John 1:19–28,,,,,113,"111,112",,65,84,
2,SpecificDaysInAdventAndEpiphany.cs,ByDayOfMonth,13,,,,TRUE,,,12,31,Jonah 3; Jonah 4,Isaiah 59:15b–end,,Colossians 1:24–2:7,John 1:29–34,,,,,102,,,90,148,
2,SpecificDaysInAdventAndEpiphany.cs,ByDayOfMonth,14,Festival,,The naming of Jesus,TRUE,,,1,1,,,,,,Genesis 17:1-13,Romans 2:17-29,Deuteronomy 30:1-20,Acts 3:1-16,103,150,,115,,
2,SpecificDaysInAdventAndEpiphany.cs,ByDayOfMonth,15,,,,TRUE,,,1,2,Ruth 1,Isaiah 60:1–12,,Colossians 2:8–end,John 1:35–42,,,,,18:1-30,,,46,45,
2,SpecificDaysInAdventAndEpiphany.cs,ByDayOfMonth,16,,,,TRUE,,,1,3,Ruth 2,Isaiah 60:13–end,,Colossians 3:1–11,John 1:43–end,,,,,127,"128,131",,2,110,
2,SpecificDaysInAdventAndEpiphany.cs,ByDayOfMonth,17,,,,TRUE,,,1,4,Ruth 3,Isaiah 61,,Colossians 3:12–4:1,John 2:1–12,,,,,89:1-37,,,87,85,
2,SpecificDaysInAdventAndEpiphany.cs,ByDayOfMonth,18,EveningBefore,1st EP of the Epiphany,,TRUE,,,1,5,Ruth 4:1–17,Isaiah 62,,Colossians 4:2–end,John 2:13–end,,,Isaiah 49:1-13,John 4:7-26,48,8,,97,96,
2,SpecificDaysInAdventAndEpiphany.cs,ByDayOfMonth,19,PrincipalFeast;PrincipalHolyDay,,The Epiphany,TRUE,,,1,6,,,,,,Jeremiah 31:7-14,John 1:29-34,Isaiah 60:1-9,John 2:1-11,132,113,,"98,100",,
2,SpecificDaysInAdventAndEpiphany.cs,ByDayOfMonth,20,,,,TRUE,,,1,7,Jeremiah 23:1–8,Isaiah 63:7–end,,Matthew 20:1–16,1 John 3,,,,,99,147:1-12,,118,,
2,SpecificDaysInAdventAndEpiphany.cs,ByDayOfMonth,21,,,,TRUE,,,1,8,Jeremiah 30:1–17,Isaiah 64,,Matthew 20:17–28,1 John 4:7–end,,,,,46,147:13-end,,145,,
2,SpecificDaysInAdventAndEpiphany.cs,ByDayOfMonth,22,,,,TRUE,,,1,9,Jeremiah 30:18–31:9,Isaiah 65:1–16,,Matthew 20:29–end,1 John 5:1–12,,,,,148,2,,67,72,
2,SpecificDaysInAdventAndEpiphany.cs,ByDayOfMonth,23,,,,TRUE,,,1,10,Jeremiah 31:10–17,Isaiah 65:17–end,,Matthew 23:1–12,1 John 5:13–end,,,,,149,97,,29,27,
2,SpecificDaysInAdventAndEpiphany.cs,ByDayOfMonth,24,,,,TRUE,,,1,11,Jeremiah 33:14–end,Isaiah 66:1–11,,Matthew 23:13–28,2 John,,,,,150,98,,93,132,
2,SpecificDaysInAdventAndEpiphany.cs,ByDayOfMonth,25,,,,TRUE,,,1,12,Micah 5:2–end,Isaiah 66:12–23,,Matthew 23:29–end,3 John,,,,,96,145,,66,110,
3,FourWeeksAfterEpiphany.cs,ByDayOfWeek,1,EveningBefore,1st EP of the Baptism of the Lord,Week of 2nd Sunday of Christmas,TRUE,S,,,,,,,,,,,Isaiah 61,Titus 2:11-14;Titus 3:4-7,,,,36,,
3,FourWeeksAfterEpiphany.cs,ByDayOfWeek,2,Festival,,The Baptism of the Lord,TRUE,Su,,,,,,,,,,,,,,,,,,
3,FourWeeksAfterEpiphany.cs,ByDayOfWeek,3,,,Week of 1st Sunday after the Epiphany,TRUE,M,,,,Genesis 1:1–19,Amos 1,N/A,Matthew 21:1–17,1 Corinthians 1:1–17,,,,,2,110,,34,36,
3,FourWeeksAfterEpiphany.cs,ByDayOfWeek,4,,,Week of 1st Sunday after the Epiphany,TRUE,T,,,,Genesis 1:20–2:3,Amos 2,N/A,Matthew 21:18–32,1 Corinthians 1:18–end,,,,,9,8,,45,46,
3,FourWeeksAfterEpiphany.cs,ByDayOfWeek,5,,,Week of 1st Sunday after the Epiphany,TRUE,W,,,,Genesis 2:4–end,Amos 3,N/A,Matthew 21:33–end,1 Corinthians 2,,,,,20,19,,47,48,
3,FourWeeksAfterEpiphany.cs,ByDayOfWeek,6,,,Week of 1st Sunday after the Epiphany,TRUE,Th,,,,Genesis 3,Amos 4,N/A,Matthew 22:1–14,1 Corinthians 3,,,,,21,24,,61,65,
3,FourWeeksAfterEpiphany.cs,ByDayOfWeek,7,,,Week of 1st Sunday after the Epiphany,TRUE,F,,,,"Genesis 4:1–16,4:25–26",Amos 5:1–17,N/A,Matthew 22:15–33,1 Corinthians 4,,,,,67,72,,68,,
3,FourWeeksAfterEpiphany.cs,ByDayOfWeek,8,,,Week of 1st Sunday after the Epiphany,TRUE,S,,,,Genesis 6:1–10,Amos 5:18–end,N/A,Matthew 22:34–end,1 Corinthians 5,,,,,33,29,,85,84,
3,FourWeeksAfterEpiphany.cs,ByDayOfWeek,9,,,2nd Sunday after the Epiphany,TRUE,Su,,,,,,,,,,,,,,,,,,
3,FourWeeksAfterEpiphany.cs,ByDayOfWeek,10,,,Week of 2nd Sunday after the Epiphany,TRUE,M,,,,Genesis 6:11–7:10,Amos 6,N/A,Matthew 24:1–14,1 Corinthians 6:1–11,,,,,146,145,,71,,
3,FourWeeksAfterEpiphany.cs,ByDayOfWeek,11,,,Week of 2nd Sunday after the Epiphany,TRUE,T,,,,Genesis 7:11–end,Amos 7,N/A,Matthew 24:15–28,1 Corinthians 6:12–end,,,,,132,147:1-12,,89:1-37,,
3,FourWeeksAfterEpiphany.cs,ByDayOfWeek,12,,,Week of 2nd Sunday after the Epiphany,TRUE,W,,,,Genesis 8:1–14,Amos 8,N/A,Matthew 24:29–end,1 Corinthians 7:1–24,,,,,81,147:13-end,,97,98,
3,FourWeeksAfterEpiphany.cs,ByDayOfWeek,13,,,Week of 2nd Sunday after the Epiphany,TRUE,Th,,,,Genesis 8:15–9:7,Amos 9,N/A,Matthew 25:1–13,1 Corinthians 7:25–end,,,,,76,148,,111,"99,100",
3,FourWeeksAfterEpiphany.cs,ByDayOfWeek,14,,,Week of 2nd Sunday after the Epiphany,TRUE,F,,,,Genesis 9:8–19,Hosea 1:1–2:1,N/A,Matthew 25:14–30,1 Corinthians 8,,,,,27,149,,73,,
3,FourWeeksAfterEpiphany.cs,ByDayOfWeek,15,,,Week of 2nd Sunday after the Epiphany,TRUE,S,,,,Genesis 11:1–9,Hosea 2:2–17,N/A,Matthew 25:31–end,1 Corinthians 9:1–14,,,,,122,"128,150",,61,66,
3,FourWeeksAfterEpiphany.cs,ByDayOfWeek,16,,,3rd Sunday after the Epiphany,TRUE,Su,,,,,,,,,,,,,,,,,,
3,FourWeeksAfterEpiphany.cs,ByDayOfWeek,17,,,Week of 3rd Sunday after the Epiphany,TRUE,M,,,,Genesis 11:27–12:9,Hosea 2:18–end; Hosea 3,N/A,Matthew 26:1–16,1 Corinthians 9:15–end,,,,,108,40,,138,144,
3,FourWeeksAfterEpiphany.cs,ByDayOfWeek,18,,,Week of 3rd Sunday after the Epiphany,TRUE,T,,,,Genesis 13:2–end,Hosea 4:1–16,N/A,Matthew 26:17–35,1 Corinthians 10:1–13,,,,,36,34,,145,,
3,FourWeeksAfterEpiphany.cs,ByDayOfWeek,19,,,Week of 3rd Sunday after the Epiphany,TRUE,W,,,,Genesis 14,Hosea 5:1–7,N/A,Matthew 26:36–46,1 Corinthians 10:14–11:1,,,,,46,45,,29,21,
3,FourWeeksAfterEpiphany.cs,ByDayOfWeek,20,,,Week of 3rd Sunday after the Epiphany,TRUE,Th,,,,Genesis 15,Hosea 5:8–6:6,N/A,Matthew 26:47–56,1 Corinthians 11:2–16,,,,,47,48,,24,33,
3,FourWeeksAfterEpiphany.cs,ByDayOfWeek,21,,,Week of 3rd Sunday after the Epiphany,TRUE,F,,,,Genesis 16,Hosea 6:7–7:2,N/A,Matthew 26:57–end,1 Corinthians 11:17–end,,,,,65,61,,67,77,
3,FourWeeksAfterEpiphany.cs,ByDayOfWeek,22,,,Week of 3rd Sunday after the Epiphany,TRUE,S,,,,Genesis 17:1–22,Hosea 8,N/A,Matthew 27:1–10,1 Corinthians 12:1–11,,,,,68,,,72,76,
3,FourWeeksAfterEpiphany.cs,ByDayOfWeek,23,,,4th Sunday after the Epiphany,TRUE,Su,,,,,,,,,,,,,,,,,,
3,FourWeeksAfterEpiphany.cs,ByDayOfWeek,24,,,Week of 4th Sunday after the Epiphany,TRUE,M,,,,Genesis 18:1–15,Hosea 9,N/A,Matthew 27:11–26,1 Corinthians 12:12–end,,,,,57,96,,20,2,
3,FourWeeksAfterEpiphany.cs,ByDayOfWeek,25,,,Week of 4th Sunday after the Epiphany,TRUE,T,,,,Genesis 18:16–end,Hosea 10,N/A,Matthew 27:27–44,1 Corinthians 13,,,,,93,97,,19,21,
3,FourWeeksAfterEpiphany.cs,ByDayOfWeek,26,,,Week of 4th Sunday after the Epiphany,TRUE,W,,,,"Genesis 19:1–3,19:12–29",Hosea 11:1–11,N/A,Matthew 27:45–56,1 Corinthians 14:1–19,,,,,95,98,,81,111,
3,FourWeeksAfterEpiphany.cs,ByDayOfWeek,27,,,Week of 4th Sunday after the Epiphany,TRUE,Th,,,,Genesis 21:1–21,Hosea 11:12–end; Hosea 12,N/A,Matthew 27:57–end,1 Corinthians 14:20–end,,,,,110,99,,86,87,
3,FourWeeksAfterEpiphany.cs,ByDayOfWeek,28,,,Week of 4th Sunday after the Epiphany,TRUE,F,,,,Genesis 22:1–19,Hosea 13:1–14,N/A,Matthew 28:1–15,1 Corinthians 16:1–9,,,,,115,113,,147,146,
3,FourWeeksAfterEpiphany.cs,ByDayOfWeek,29,,,Week of 4th Sunday after the Epiphany,TRUE,S,,,,Genesis 23,Hosea 14,N/A,Matthew 28:16–end,1 Corinthians 16:10-end,,,,,118,,,150,"148,149",
4,Lent.cs,ByDayOfWeek,1,,,5th Sunday before Lent,FALSE,Su,,,,,,,,,,,,,,,,,,
4,Lent.cs,ByDayOfWeek,2,,,Week of 5th Sunday before Lent,FALSE,M,,,,Exodus 22:21–27; Exodus 23:1–17,1 Chronicles 10:1–11:9,"Mal: 1:1,1:6–end",Philippians 1:1–11,John 13:1–11,,,,,,,,,,
4,Lent.cs,ByDayOfWeek,3,,,Week of 5th Sunday before Lent,FALSE,T,,,,Exodus 29:38–30:16,1 Chronicles 13,Mal: 2:1–16,Philippians 1:12–end,John 13:12–20,,,,,,,,,,
4,Lent.cs,ByDayOfWeek,4,,,Week of 5th Sunday before Lent,FALSE,W,,,,Leviticus 8,1 Chronicles 15:1–16:3,Mal: 2:17–3:12,Philippians 2:1–13,John 13:21–30,,,,,,,,,,
4,Lent.cs,ByDayOfWeek,5,,,Week of 5th Sunday before Lent,FALSE,Th,,,,Leviticus 9,1 Chronicles 17,Mal: 3:13–end; Mal: 4,Philippians 2:14–end,John 13:31–end,,,,,,,,,,
4,Lent.cs,ByDayOfWeek,6,,,Week of 5th Sunday before Lent,FALSE,F,,,,Leviticus 16:2–24,1 Chronicles 21:1–22:1,Nahum 1,Philippians 3:1–4:1,John 14:1–14,,,,,,,,,,
4,Lent.cs,ByDayOfWeek,7,,,Week of 5th Sunday before Lent,FALSE,S,,,,Leviticus 17,1 Chronicles 22:2–end,Obadiah,Philippians 4:2–end,John 14:15–end,,,,,,,,,,
4,Lent.cs,ByDayOfWeek,8,,,4th Sunday before Lent,FALSE,Su,,,,,,,,,,,,,,,,,,
4,Lent.cs,ByDayOfWeek,9,,,Week of 4th Sunday before Lent,FALSE,M,,,,"Leviticus 19:1–18,19:30–end",1 Chronicles 28:1–10,Joel 1:1–14,1 Timothy 1:1–17,John 15:1–11,,,,,,,,,,
4,Lent.cs,ByDayOfWeek,10,,,Week of 4th Sunday before Lent,FALSE,T,,,,Leviticus 23:1–22,1 Chronicles 28:11–end,Joel 1:15–end,1 Timothy 1:18–end; 1 Timothy 2,John 15:12–17,,,,,,,,,,
4,Lent.cs,ByDayOfWeek,11,,,Week of 4th Sunday before Lent,FALSE,W,,,,Leviticus 23:23–end,1 Chronicles 29:1–9,Joel 2:1–17,1 Timothy 3,John 15:18–end,,,,,,,,,,
4,Lent.cs,ByDayOfWeek,12,,,Week of 4th Sunday before Lent,FALSE,Th,,,,Leviticus 24:1–9,1 Chronicles 29:10–20,Joel 2:18–27,1 Timothy 4,John 16:1–15,,,,,,,,,,
4,Lent.cs,ByDayOfWeek,13,,,Week of 4th Sunday before Lent,FALSE,F,,,,Leviticus 25:1–24,1 Chronicles 29:21–end,Joel 2:28–end,1 Timothy 5:1–16,John 16:16–22,,,,,,,,,,
4,Lent.cs,ByDayOfWeek,14,,,Week of 4th Sunday before Lent,FALSE,S,,,,"Numbers 6:1–5,6:21–end",2 Chronicles 1:1–13,"Joel 3:1–3,3:9–end",1 Timothy 5:17–end,John 16:23–end,,,,,,,,,,
4,Lent.cs,ByDayOfWeek,15,,,3rd Sunday before Lent,FALSE,Su,,,,,,,,,,,,,,,,,,
4,Lent.cs,ByDayOfWeek,16,,,Week of 3rd Sunday before Lent,FALSE,M,,,,Genesis 24:1–28,2 Chronicles 2:1–16,Ecclesiastes 1,1 Timothy 6:1–10,John 17:1–5,,,,,,,,,,
4,Lent.cs,ByDayOfWeek,17,,,Week of 3rd Sunday before Lent,FALSE,T,,,,Genesis 24:29–end,2 Chronicles 3,Ecclesiastes 2,1 Timothy 6:11–end,John 17:6–19,,,,,,,,,,
4,Lent.cs,ByDayOfWeek,18,,,Week of 3rd Sunday before Lent,FALSE,W,,,,"Genesis 25:7–11,25:19–end",2 Chronicles 5,Ecclesiastes 3:1–15,2 Timothy 1:1–14,John 17:20–end,,,,,,,,,,
4,Lent.cs,ByDayOfWeek,19,,,Week of 3rd Sunday before Lent,FALSE,Th,,,,Genesis 26:34–27:40,2 Chronicles 6:1–21,Ecclesiastes 3:16–end; Ecclesiastes 4,2 Timothy 1:15–2:13,John 18:1–11,,,,,,,,,,
4,Lent.cs,ByDayOfWeek,20,,,Week of 3rd Sunday before Lent,FALSE,F,,,,Genesis 27:41–end; Genesis 28,2 Chronicles 6:22–end,Ecclesiastes 5,2 Timothy 2:14–end,John 18:12–27,,,,,,,,,,
4,Lent.cs,ByDayOfWeek,21,,,Week of 3rd Sunday before Lent,FALSE,S,,,,Genesis 29:1–30,2 Chronicles 7,Ecclesiastes 6,2 Timothy 3,John 18:28–end,,,,,,,,,,
4,Lent.cs,ByDayOfWeek,22,,,2nd Sunday before Lent,FALSE,Su,,,,,,,,,,,,,,,,,,
4,Lent.cs,ByDayOfWeek,23,,,Week of 2nd Sunday before Lent,FALSE,M,,,,Genesis 29:31–30:24,2 Chronicles 9:1–12,Ecclesiastes 7:1–14,2 Timothy 4:1–8,John 19:1–16,,,,,,,,,,
4,Lent.cs,ByDayOfWeek,24,,,Week of 2nd Sunday before Lent,FALSE,T,,,,Genesis 31:1–24,2 Chronicles 10:1–11:4,Ecclesiastes 7:15–end,2 Timothy 4:9–end,John 19:17–30,,,,,,,,,,
4,Lent.cs,ByDayOfWeek,25,,,Week of 2nd Sunday before Lent,FALSE,W,,,,Genesis 31:25–32:2,2 Chronicles 12,Ecclesiastes 8,Titus 1,John 19:31–end,,,,,,,,,,
4,Lent.cs,ByDayOfWeek,26,,,Week of 2nd Sunday before Lent,FALSE,Th,,,,Genesis 32:3–30,2 Chronicles 13:1–14:1,Ecclesiastes 9,Titus 2,John 20:1–10,,,,,,,,,,
4,Lent.cs,ByDayOfWeek,27,,,Week of 2nd Sunday before Lent,FALSE,F,,,,Genesis 33:1–17,2 Chronicles 14:2–end,Ecclesiastes 11:1–8,Titus 3,John 20:11–18,,,,,,,,,,
4,Lent.cs,ByDayOfWeek,28,,,Week of 2nd Sunday before Lent,FALSE,S,,,,Genesis 35,2 Chronicles 15:1–15,Ecclesiastes 11:9–end; Ecclesiastes 12,Philemon,John 20:19–end,,,,,,,,,,
4,Lent.cs,ByDayOfWeek,29,,,The Sunday before Lent,FALSE,Su,,,,,,,,,,,,,,,,,,
4,Lent.cs,ByDayOfWeek,30,,,Week of the Sunday before Lent,FALSE,M,,,,Genesis 37:1–11,Jeremiah 1,N/A,Galatians 1,John 3:1–21,,,,,,,,,,
4,Lent.cs,ByDayOfWeek,31,,,Shrove Tuesday,FALSE,T,,,,Genesis 37:12–end,Jeremiah 2:1–13,N/A,Galatians 2:1–10,John 3:22–end,,,,,,,,,,
4,Lent.cs,ByDayOfWeek,32,Lent;PrincipalHolyDay,,Ash Wednesday,TRUE,W,,,,,,,,,"Daniel 9:3-6,17-19",1 Timothy 6:6-19,Isaiah 1:10-18,Luke 15:11-32,38,,,51,102,
4,Lent.cs,ByDayOfWeek,33,Lent,,1st day of Lent,TRUE,Th,,,,Genesis 39,Jeremiah 2:14–32,N/A,Galatians 2:11–end,John 4:1–26,,,,,77,,,74,,
4,Lent.cs,ByDayOfWeek,34,Lent,,2nd day of Lent,TRUE,F,,,,Genesis 40,Jeremiah 3:6–22,N/A,Galatians 3:1–14,John 4:27–42,,,,,3,7,,31,,
4,Lent.cs,ByDayOfWeek,35,Lent,,3rd day of Lent,TRUE,S,,,,Genesis 41:1–24,Jeremiah 4:1–18,N/A,Galatians 3:15–22,John 4:43–end,,,,,71,,,73,,
4,Lent.cs,ByDayOfWeek,36,Lent,,1st Sunday of Lent,TRUE,Su,,,,,,,,,,,,,,,,,,
4,Lent.cs,ByDayOfWeek,37,Lent,,Week of 1st Sunday of Lent,TRUE,M,,,,Genesis 41:25–45,Jeremiah 4:19–end,N/A,Galatians 3:23–4:7,John 5:1–18,,,,,11,10,,13,"12,14",
4,Lent.cs,ByDayOfWeek,38,Lent,,Week of 1st Sunday of Lent,TRUE,T,,,,Genesis 41:46–42:5,Jeremiah 5:1–19,N/A,Galatians 4:8–20,John 5:19–29,,,,,44,,,49,46,
4,Lent.cs,ByDayOfWeek,39,Lent,,Week of 1st Sunday of Lent,TRUE,W,,,,Genesis 42:6–17,Jeremiah 5:20–end,N/A,Galatians 4:21–5:1,John 5:30–end,,,,,6,17,,28,9,
4,Lent.cs,ByDayOfWeek,40,Lent,,Week of 1st Sunday of Lent,TRUE,Th,,,,Genesis 42:18–28,Jeremiah 6:9–21,N/A,Galatians 5:2–15,John 6:1–15,,,,,42,43,,142,"137,138",
4,Lent.cs,ByDayOfWeek,41,Lent,,Week of 1st Sunday of Lent,TRUE,F,,,,Genesis 42:29–end,Jeremiah 6:22–end,N/A,Galatians 5:16–end,John 6:16–27,,,,,22,,,55,54,
4,Lent.cs,ByDayOfWeek,42,Lent,,Week of 1st Sunday of Lent,TRUE,S,,,,Genesis 43:1–15,Jeremiah 7:1–20,N/A,Galatians 6,John 6:27–40,,,,,63,59,,4,16,
4,Lent.cs,ByDayOfWeek,43,Lent,,2nd Sunday of Lent,TRUE,Su,,,,,,,,,,,,,,,,,,
4,Lent.cs,ByDayOfWeek,44,Lent,,Week of 2nd Sunday of Lent,TRUE,M,,,,Genesis 43:16–end,Jeremiah 7:21–end,N/A,Hebrews 1,John 6:41–51,,,,,32,26,,74,70,
4,Lent.cs,ByDayOfWeek,45,Lent,,Week of 2nd Sunday of Lent,TRUE,T,,,,Genesis 44:1–17,Jeremiah 8:1–15,N/A,Hebrews 2:1–9,John 6:52–59,,,,,50,,,52,"53,54",
4,Lent.cs,ByDayOfWeek,46,Lent,,Week of 2nd Sunday of Lent,TRUE,W,,,,Genesis 44:18–end,Jeremiah 8:18–9:11,N/A,Hebrews 2:10–end,John 6:60–end,,,,,35,,,3,51,
4,Lent.cs,ByDayOfWeek,47,Lent,,Week of 2nd Sunday of Lent,TRUE,Th,,,,Genesis 45:1–15,Jeremiah 9:12–24,N/A,Hebrews 3:1–6,John 7:1–13,,,,,34,,,71,,
4,Lent.cs,ByDayOfWeek,48,Lent,,Week of 2nd Sunday of Lent,TRUE,F,,,,Genesis 45:16–end,Jeremiah 10:1–16,N/A,Hebrews 3:7–end,John 7:14–24,,,,,41,40,,6,38,
4,Lent.cs,ByDayOfWeek,49,Lent,,Week of 2nd Sunday of Lent,TRUE,S,,,,"Genesis 46:1–7,46:28–end",Jeremiah 10:17–24,N/A,Hebrews 4:1–13,John 7:25–36,,,,,25,3,,23,27,
4,Lent.cs,ByDayOfWeek,50,Lent,,3rd Sunday of Lent,TRUE,Su,,,,,,,,,,,,,,,,,,
4,Lent.cs,ByDayOfWeek,51,Lent,,Week of 3rd Sunday of Lent,TRUE,M,,,,Genesis 47:1–27,Jeremiah 11:1–17,N/A,Hebrews 4:14–5:10,John 7:37–52,,,,,5,7,,17,11,
4,Lent.cs,ByDayOfWeek,52,Lent,,Week of 3rd Sunday of Lent,TRUE,T,,,,Genesis 47:28–end; Genesis 48,Jeremiah 11:18–12:6,N/A,Hebrews 5:11–6:12,John 7:53–8:11,,,,,9,6,,64,"61,62",
4,Lent.cs,ByDayOfWeek,53,Lent,,Week of 3rd Sunday of Lent,TRUE,W,,,,Genesis 49:1–32,Jeremiah 13:1–11,N/A,Hebrews 6:13–end,John 8:12–30,,,,,38,,,39,36,
4,Lent.cs,ByDayOfWeek,54,Lent,,Week of 3rd Sunday of Lent,TRUE,Th,,,,Genesis 49:33–end; Genesis 50,Jeremiah 14,N/A,Hebrews 7:1–10,John 8:31–47,,,,,56,57,,59,60,
4,Lent.cs,ByDayOfWeek,55,Lent,,Week of 3rd Sunday of Lent,TRUE,F,,,,Exodus 1:1–14,Jeremiah 15:10–end,N/A,Hebrews 7:11–end,John 8:48–end,,,,,22,,,69,,
4,Lent.cs,ByDayOfWeek,56,Lent,,Week of 3rd Sunday of Lent,TRUE,S,,,,Exodus 1:22–2:10,Jeremiah 16:10–17:4,N/A,Hebrews 8,John 9:1–17,,,,,31,,,116,130,
4,Lent.cs,ByDayOfWeek,57,Lent,,4th Sunday of Lent,TRUE,Su,,,,,,,,,,,,,,,,,,
4,Lent.cs,ByDayOfWeek,58,Lent,,Week of 4th Sunday of Lent,TRUE,M,,,,Exodus 2:11–22,Jeremiah 17:5–18,N/A,Hebrews 9:1–14,John 9:18–end,,,,,77,70,,25,28,
4,Lent.cs,ByDayOfWeek,59,Lent,,Week of 4th Sunday of Lent,TRUE,T,,,,Exodus 2:23–3:20,Jeremiah 18:1–12,N/A,Hebrews 9:15–end,John 10:1–10,,,,,79,54,,80,82,
4,Lent.cs,ByDayOfWeek,60,Lent,,Week of 4th Sunday of Lent,TRUE,W,,,,Exodus 4:1–23,Jeremiah 18:13–end,N/A,Hebrews 10:1–18,John 10:11–21,,,,,90,63,,91,52,
4,Lent.cs,ByDayOfWeek,61,Lent,,Week of 4th Sunday of Lent,TRUE,Th,,,,Exodus 4:27–6:1,Jeremiah 19:1–13,N/A,Hebrews 10:19–25,John 10:22–end,,,,,86,53,,94,,
4,Lent.cs,ByDayOfWeek,62,Lent,,Week of 4th Sunday of Lent,TRUE,F,,,,Exodus 6:2–13,Jeremiah 19:14–20:6,N/A,Hebrews 10:26–end,John 11:1–16,,,,,102,,,16,13,
4,Lent.cs,ByDayOfWeek,63,Lent,,Week of 4th Sunday of Lent,TRUE,S,,,,Exodus 7:8–end,Jeremiah 20:7–end,N/A,Hebrews 11:1–16,John 11:17–27,,,,,32,,,140,"141,142",
4,Lent.cs,ByDayOfWeek,64,Lent,,5th Sunday of Lent - Passion Sunday,TRUE,Su,,,,,,,,,,,,,,,,,,
4,Lent.cs,ByDayOfWeek,65,Lent,,Week of 5th Sunday of Lent,TRUE,M,,,,Exodus 8:1–19,Jeremiah 21:1–10,N/A,Hebrews 11:17–31,John 11:28–44,,,,,73,121,,26,27,
4,Lent.cs,ByDayOfWeek,66,Lent,,Week of 5th Sunday of Lent,TRUE,T,,,,Exodus 8:20–end,"Jeremiah 22:1–5,22:13–19",N/A,Hebrews 11:32–12:2,John 11:45–end,,,,,35,123,,61,64,
4,Lent.cs,ByDayOfWeek,67,Lent,,Week of 5th Sunday of Lent,TRUE,W,,,,Exodus 9:1–12,Jeremiah 22:20–23:8,N/A,Hebrews 12:3–13,John 12:1–11,,,,,55,124,,62,56,
4,Lent.cs,ByDayOfWeek,68,Lent,,Week of 5th Sunday of Lent,TRUE,Th,,,,Exodus 9:13–end,Jeremiah 23:9–32,N/A,Hebrews 12:14–end,John 12:12–19,,,,,40,125,,43,42,
4,Lent.cs,ByDayOfWeek,69,Lent,,Week of 5th Sunday of Lent,TRUE,F,,,,Exodus 10,Jeremiah 24,N/A,Hebrews 13:1–16,John 12:20–36a,,,,,22,126,,31,,
4,Lent.cs,ByDayOfWeek,70,Lent,,Week of 5th Sunday of Lent,TRUE,S,,,,Exodus 11,Jeremiah 25:1–14,N/A,Hebrews 13:17–end,John 12:36b–end,,,,,23,127,,130,"128,129",
5,PalmSundayToPentecost.cs,ByDayOfWeek,1,HolyWeek,,6th Sunday of Lent - Palm Sunday,TRUE,Su,,,,,,,,,,,,,,,,,,
5,PalmSundayToPentecost.cs,ByDayOfWeek,2,HolyWeek,,Monday in Holy Week,TRUE,M,,,,,,,,,Lamentations 1:1-12a,Luke 22:1-23,Lamentations 2:8-19,Colossians 1:18-23,41,,,25,,
5,PalmSundayToPentecost.cs,ByDayOfWeek,3,HolyWeek,,Tuesday in Holy Week,TRUE,T,,,,,,,,,Lamentations 3:1-18,Luke 22:24-53,Lamentations 3:40-51,Galatians 6:11-18,27,,,55:13-24,,
5,PalmSundayToPentecost.cs,ByDayOfWeek,4,HolyWeek,,Wednesday in Holy Week,TRUE,W,,,,,,,,,Jeremiah 11:18-20,Luke 22:54-71,Isaiah 63:1-9,Revelation 14:18-end; Revelation 15:1-4,102*,,,88,,
5,PalmSundayToPentecost.cs,ByDayOfWeek,5,HolyWeek;PrincipalHolyDay,,Maundy Thursday,TRUE,Th,,,,,,,,,Leviticus 16:2-24,Luke 23:1-25,Exodus 11,Ephesians 2:11-18,"42,43",,,39,,
5,PalmSundayToPentecost.cs,ByDayOfWeek,6,HolyWeek;PrincipalHolyDay,,Good Friday,TRUE,F,,,,,,,,,Genesis 22:1-18,Hebrews 10:1-10,Lamentations 5:15-22,Colossians 1:18-23; John 19:38-end,69,,,"130,143",,
5,PalmSundayToPentecost.cs,ByDayOfWeek,7,HolyWeek,,Holy Saturday,TRUE,S,,,,,,,,,Hosea 6:1-6,John 2:18-22,Job 19:21-27,1 John 5:5-12,142,,,116,,
5,PalmSundayToPentecost.cs,ByDayOfWeek,8,PrincipalFeast;PrincipalHolyDay;Eastertide;EasterWeek,,Easter Sunday,TRUE,Su,,,,,,,,,,,,,,,,,,
5,PalmSundayToPentecost.cs,ByDayOfWeek,9,EasterWeek;Eastertide,,Monday in Easter Week,TRUE,M,,,,Exodus 12:1–14,Song of Solomon 1:9–2:7,,1 Corinthians 15:1–11,Mark 16:1–8,,,,,111,"117,146",,135,,
5,PalmSundayToPentecost.cs,ByDayOfWeek,10,EasterWeek;Eastertide,,Tuesday in Easter Week,TRUE,T,,,,Exodus 12:14–36,Song of Solomon 2:8–end,,1 Corinthians 15:12–19,Luke 24:1–12,,,,,112,147:1-12,,136,,
5,PalmSundayToPentecost.cs,ByDayOfWeek,11,EasterWeek;Eastertide,,Wednesday in Easter Week,TRUE,W,,,,Exodus 12:37–end,Song of Solomon 3,,1 Corinthians 15:20–28,Matthew 28:16–end,,,,,113,147:13-end,,105,,
5,PalmSundayToPentecost.cs,ByDayOfWeek,12,EasterWeek;Eastertide,,Thursday in Easter Week,TRUE,Th,,,,Exodus 13:1–16,Song of Solomon 5:2–6:3,,1 Corinthians 15:29–34,Luke 7:11–17,,,,,114,148,,106,,
5,PalmSundayToPentecost.cs,ByDayOfWeek,13,EasterWeek;Eastertide,,Friday in Easter Week,TRUE,F,,,,Exodus 13:17–14:14,Song of Solomon 7:10–8:4,,1 Corinthians 15:35–50,Luke 8:41–end,,,,,115,149,,107,,
5,PalmSundayToPentecost.cs,ByDayOfWeek,14,EasterWeek;Eastertide,,Saturday in Easter Week,TRUE,S,,,,Exodus 14:15–end,Song of Solomon 8:5–7,,1 Corinthians 15:51–end,John 11:17–44,,,,,116,150,,145,,
5,PalmSundayToPentecost.cs,ByDayOfWeek,15,Eastertide,,2nd Sunday of Easter,TRUE,Su,,,,,,,,,,,,,,,,,,
5,PalmSundayToPentecost.cs,ByDayOfWeek,16,Eastertide,,Week of 2nd Sunday of Easter,TRUE,M,,,,Exodus 15:1–21,Deuteronomy 1:3–18,,Colossians 1:1–14,John 20:1–10,,,,,19,2,,139,,
5,PalmSundayToPentecost.cs,ByDayOfWeek,17,Eastertide,,Week of 2nd Sunday of Easter,TRUE,T,,,,Exodus 15:22–16:10,Deuteronomy 1:19–40,,Colossians 1:15–end,John 20:11–18,,,,,8,"20,21",,104,,
5,PalmSundayToPentecost.cs,ByDayOfWeek,18,Eastertide,,Week of 2nd Sunday of Easter,TRUE,W,,,,Exodus 16:11–end,Deuteronomy 3:18–end,,Colossians 2:1–15,John 20:19–end,,,,,30,16,,33,,
5,PalmSundayToPentecost.cs,ByDayOfWeek,19,Eastertide,,Week of 2nd Sunday of Easter,TRUE,Th,,,,Exodus 17,Deuteronomy 4:1–14,,Colossians 2:16–3:11,John 21:1–14,,,,,28,29,,34,,
5,PalmSundayToPentecost.cs,ByDayOfWeek,20,Eastertide,,Week of 2nd Sunday of Easter,TRUE,F,,,,Exodus 18:1–12,Deuteronomy 4:15–31,,Colossians 3:12–4:1,John 21:15–19,,,,,61,57,,118,,
5,PalmSundayToPentecost.cs,ByDayOfWeek,21,Eastertide,,Week of 2nd Sunday of Easter,TRUE,S,,,,Exodus 18:13–end,Deuteronomy 4:32–40,,Colossians 4:2–end,John 21:20–end,,,,,84,63,,66,,
5,PalmSundayToPentecost.cs,ByDayOfWeek,22,Eastertide,,3rd Sunday of Easter,TRUE,Su,,,,,,,,,,,,,,,,,,
5,PalmSundayToPentecost.cs,ByDayOfWeek,23,Eastertide,,Week of 3rd Sunday of Easter,TRUE,M,,,,Exodus 19,Deuteronomy 5:1–22,,Luke 1:1–25,Ephesians 1:1–14,,,,,96,97,,61,65,
5,PalmSundayToPentecost.cs,ByDayOfWeek,24,Eastertide,,Week of 3rd Sunday of Easter,TRUE,T,,,,Exodus 20:1–21,Deuteronomy 5:22–end,,Luke 1:26–38,Ephesians 1:15–end,,,,,98,"99,100",,71,,
5,PalmSundayToPentecost.cs,ByDayOfWeek,25,Eastertide,,Week of 3rd Sunday of Easter,TRUE,W,,,,Exodus 24,Deuteronomy 6,,Luke 1:39–56,Ephesians 2:1–10,,,,,105,,,72,67,
5,PalmSundayToPentecost.cs,ByDayOfWeek,26,Eastertide,,Week of 3rd Sunday of Easter,TRUE,Th,,,,Exodus 25:1–22,Deuteronomy 7:1–11,,Luke 1:57–end,Ephesians 2:11–end,,,,,136,,,73,,
5,PalmSundayToPentecost.cs,ByDayOfWeek,27,Eastertide,,Week of 3rd Sunday of Easter,TRUE,F,,,,"Exodus 28:1–4a,28:29–38",Deuteronomy 7:12–end,,Luke 2:1–20,Ephesians 3:1–13,,,,,107,,,77,,
5,PalmSundayToPentecost.cs,ByDayOfWeek,28,Eastertide,,Week of 3rd Sunday of Easter,TRUE,S,,,,Exodus 29:1–9,Deuteronomy 8,,Luke 2:21–40,Ephesians 3:14–end,,,,,110,"108,111",,27,23,
5,PalmSundayToPentecost.cs,ByDayOfWeek,29,Eastertide,,4th Sunday of Easter,TRUE,Su,,,,,,,,,,,,,,,,,,
5,PalmSundayToPentecost.cs,ByDayOfWeek,30,Eastertide,,Week of 4th Sunday of Easter,TRUE,M,,,,Exodus 32:1–14,Deuteronomy 9:1–21,,Luke 2:41–end,Ephesians 4:1–16,,,,,103,,,114,"112,113",
5,PalmSundayToPentecost.cs,ByDayOfWeek,31,Eastertide,,Week of 4th Sunday of Easter,TRUE,T,,,,Exodus 32:15–34,Deuteronomy 9:23–10:5,,Luke 3:1–14,Ephesians 4:17–end,,,,,139,,,116,115,
5,PalmSundayToPentecost.cs,ByDayOfWeek,32,Eastertide,,Week of 4th Sunday of Easter,TRUE,W,,,,Exodus 33,Deuteronomy 10:12–end,,Luke 3:15–22,Ephesians 5:1–14,,,,,135,,,47,48,
5,PalmSundayToPentecost.cs,ByDayOfWeek,33,Eastertide,,Week of 4th Sunday of Easter,TRUE,Th,,,,"Exodus 34:1–10,34:27–end",Deuteronomy 11:8–end,,Luke 4:1–13,Ephesians 5:15–end,,,,,118,,,85,81,
5,PalmSundayToPentecost.cs,ByDayOfWeek,34,Eastertide,,Week of 4th Sunday of Easter,TRUE,F,,,,Exodus 35:20–36:7,Deuteronomy 12:1–14,,Luke 4:14–30,Ephesians 6:1–9,,,,,33,,,36,40,
5,PalmSundayToPentecost.cs,ByDayOfWeek,35,Eastertide,,Week of 4th Sunday of Easter,TRUE,S,,,,Exodus 40:17–end,Deuteronomy 15:1–18,,Luke 4:31–37,Ephesians 6:10–end,,,,,34,,,84,86,
5,PalmSundayToPentecost.cs,ByDayOfWeek,36,Eastertide,,5th Sunday of Easter,TRUE,Su,,,,,,,,,,,,,,,,,,
5,PalmSundayToPentecost.cs,ByDayOfWeek,37,Eastertide,,Week of 5th Sunday of Easter,TRUE,M,,,,Numbers 9:15–end; Numbers 10:33–end,Deuteronomy 16:1–20,,Luke 4:38–end,1 Peter 1:1–12,,,,,145,,,105,,
5,PalmSundayToPentecost.cs,ByDayOfWeek,38,Eastertide,,Week of 5th Sunday of Easter,TRUE,T,,,,Numbers 11:1–33,Deuteronomy 17:8–end,,Luke 5:1–11,1 Peter 1:13–end,,,,,19,147:1-12,,97,96,
5,PalmSundayToPentecost.cs,ByDayOfWeek,39,Eastertide,,Week of 5th Sunday of Easter,TRUE,W,,,,Numbers 12,Deuteronomy 18:9–end,,Luke 5:12–26,1 Peter 2:1–10,,,,,30,147:13-end,,99,"98,100",
5,PalmSundayToPentecost.cs,ByDayOfWeek,40,Eastertide,,Week of 5th Sunday of Easter,TRUE,Th,,,,"Numbers 13:1–3,13:17–end",Deuteronomy 19,,Luke 5:27–end,1 Peter 2:11–end,,,,,57,148,,104,,
5,PalmSundayToPentecost.cs,ByDayOfWeek,41,Eastertide,,Week of 5th Sunday of Easter,TRUE,F,,,,Numbers 14:1–25,Deuteronomy 21:22–22:8,,Luke 6:1–11,1 Peter 3:1–12,,,,,138,149,,66,,
5,PalmSundayToPentecost.cs,ByDayOfWeek,42,Eastertide,,Week of 5th Sunday of Easter,TRUE,S,,,,Numbers 14:26–end,Deuteronomy 24:5–end,,Luke 6:12–26,1 Peter 3:13–end,,,,,146,150,,118,,
5,PalmSundayToPentecost.cs,ByDayOfWeek,43,Eastertide,,6th Sunday of Easter,TRUE,Su,,,,,,,,,,,,,,,,,,
5,PalmSundayToPentecost.cs,ByDayOfWeek,44,Eastertide,,Week of 6th Sunday of Easter,TRUE,M,,,,Numbers 16:1–35,Deuteronomy 26,,Luke 6:27–38,1 Peter 4:1–11,,,,,65,67,,121,"122,123",
5,PalmSundayToPentecost.cs,ByDayOfWeek,45,Eastertide,,Week of 6th Sunday of Easter,TRUE,T,,,,Numbers 16:36–end,Deuteronomy 28:1–14,,Luke 6:39–end,1 Peter 4:12–end,,,,,126,"124,125,127",,128,"129,130,131",
5,PalmSundayToPentecost.cs,ByDayOfWeek,46,EveningBefore;Eastertide,1st EP of Ascension Day,Week of 6th Sunday of Easter,TRUE,W,,,,Numbers 17:1–11,Deuteronomy 28:58–end,,Luke 7:1–10,1 Peter 5,,,2 Samuel 23:1-5,Colossians 2:20-end; Colossians 3:1-4,132,133,,"15,24",,
5,PalmSundayToPentecost.cs,ByDayOfWeek,47,PrincipalFeast;PrincipalHolyDay;Eastertide,,Ascension Day,TRUE,Th,,,,,,,,,Isaiah 52:7-15,Hebrews 7:11-28,2 Kings 2:1-15,Revelation 5,"110,150",,,8,,
5,PalmSundayToPentecost.cs,ByDayOfWeek,48,Eastertide,,10 days between Ascension Day and Pentecost,TRUE,F,,,,Numbers 20:1–13,Deuteronomy 29:2–15,,Luke 7:11–17,1 John 1:1–2:6,,,,,81,20,,145,,
5,PalmSundayToPentecost.cs,ByDayOfWeek,49,Eastertide,,10 days between Ascension Day and Pentecost,TRUE,S,,,,Numbers 21:4–9,Deuteronomy 30,,Luke 7:18–35,1 John 2:7–17,,,,,47,21,,85,84,
5,PalmSundayToPentecost.cs,ByDayOfWeek,50,Eastertide,,10 days between Ascension Day and Pentecost,TRUE,Su,,,,,,,,,,,,,,,,,,
5,PalmSundayToPentecost.cs,ByDayOfWeek,51,Eastertide,,10 days between Ascension Day and Pentecost,TRUE,M,,,,Numbers 22:1–35,Deuteronomy 31:1–13,,Luke 7:36–end,1 John 2:18–end,,,,,93,"96,97",,18,,
5,PalmSundayToPentecost.cs,ByDayOfWeek,52,Eastertide,,10 days between Ascension Day and Pentecost,TRUE,T,,,,Numbers 22:36–23:12,Deuteronomy 31:14–29,,Luke 8:1–15,1 John 3:1–10,,,,,99,"98,100",,68,,
5,PalmSundayToPentecost.cs,ByDayOfWeek,53,Eastertide,,10 days between Ascension Day and Pentecost,TRUE,W,,,,Numbers 23:13–end,Deuteronomy 31:30–32:14,,Luke 8:16–25,1 John 3:11–end,,,,,29,2,,46,36,
5,PalmSundayToPentecost.cs,ByDayOfWeek,54,Eastertide,,10 days between Ascension Day and Pentecost,TRUE,Th,,,,Numbers 24,Deuteronomy 32:15–47,,Luke 8:26–39,1 John 4:1–6,,,,,24,72,,139,,
5,PalmSundayToPentecost.cs,ByDayOfWeek,55,Eastertide,,10 days between Ascension Day and Pentecost,TRUE,F,,,,Numbers 27:12–end,Deuteronomy 33,,Luke 8:40–end,1 John 4:7–end,,,,,28,30,,147,,
5,PalmSundayToPentecost.cs,ByDayOfWeek,56,Eastertide,,10 days between Ascension Day and Pentecost,TRUE,S,,,,Numbers 32:1–27,Deuteronomy 32:48–end; Deuteronomy 34,,Luke 9:1–17,1 John 5,,,,,43,42,,"97,98",,
5,PalmSundayToPentecost.cs,ByDayOfWeek,57,PrincipalFeast;PrincipalHolyDay;Eastertide,,Day of Pentecost,TRUE,Su,,,,,,,,,,,,,,,,,,
6,OrdinaryTimeAfterPentecost.cs,ByDayOfWeek,1,,,Week after Pentecost,FALSE,M,,,,Joshua 1,2 Chronicles 17:1–12,Job 1,Luke 9:18–27,Romans 1:1–17,,,,,,,,,,
6,OrdinaryTimeAfterPentecost.cs,ByDayOfWeek,2,,,Week after Pentecost,FALSE,T,,,,Joshua 2,2 Chronicles 18:1–27,Job 2,Luke 9:28–36,Romans 1:18–end,,,,,,,,,,
6,OrdinaryTimeAfterPentecost.cs,ByDayOfWeek,3,,,Week after Pentecost,FALSE,W,,,,Joshua 3,2 Chronicles 18:28–end; 2 Chronicles 19,Job 3,Luke 9:37–50,Romans 2:1–16,,,,,,,,,,
6,OrdinaryTimeAfterPentecost.cs,ByDayOfWeek,4,,,Week after Pentecost,FALSE,Th,,,,Joshua 4:1–5:1,2 Chronicles 20:1–23,Job 4,Luke 9:51–end,Romans 2:17–end,,,,,,,,,,
6,OrdinaryTimeAfterPentecost.cs,ByDayOfWeek,5,,,Week after Pentecost,FALSE,F,,,,Joshua 5:2–end,2 Chronicles 22:10–end; 2 Chronicles 23,Job 5,Luke 10:1–16,Romans 3:1–20,,,,,,,,,,
6,OrdinaryTimeAfterPentecost.cs,ByDayOfWeek,6,,,Week after Pentecost,FALSE,S,,,,Joshua 6:1–20,2 Chronicles 24:1–22,Job 6,Luke 10:17–24,Romans 3:21–end,,,,,,,,,,
6,OrdinaryTimeAfterPentecost.cs,ByDayOfWeek,7,,,Trinity Sunday,,Su,,,,,,,,,,,,,,,,,,
6,OrdinaryTimeAfterPentecost.cs,ByDayOfWeek,8,,,Week of Trinity Sunday,FALSE,M,,,,Joshua 7:1–15,2 Chronicles 26:1–21,Job 7,Luke 10:25–37,Romans 4:1–12,,,,,,,,,,
6,OrdinaryTimeAfterPentecost.cs,ByDayOfWeek,9,,,Week of Trinity Sunday,FALSE,T,,,,Joshua 7:16–end,2 Chronicles 28,Job 8,Luke 10:38–end,Romans 4:13–end,,,,,,,,,,
6,OrdinaryTimeAfterPentecost.cs,ByDayOfWeek,10,,,Week of Trinity Sunday,FALSE,W,,,,Joshua 8:1–29,2 Chronicles 29:1–19,Job 9,Luke 11:1–13,Romans 5:1–11,,,,,,,,,,
6,OrdinaryTimeAfterPentecost.cs,ByDayOfWeek,11,,,Week of Trinity Sunday,FALSE,Th,,,,Joshua 8:30–end,2 Chronicles 29:20–end,Job 10,Luke 11:14–28,Romans 5:12–end,,,,,,,,,,
6,OrdinaryTimeAfterPentecost.cs,ByDayOfWeek,12,,,Week of Trinity Sunday,FALSE,F,,,,Joshua 9:3–26,2 Chronicles 30,Job 11,Luke 11:29–36,Romans 6:1–14,,,,,,,,,,
6,OrdinaryTimeAfterPentecost.cs,ByDayOfWeek,13,,,Week of Trinity Sunday,FALSE,S,,,,Joshua 10:1–15,2 Chronicles 32:1–22,Job 12,Luke 11:37–end,Romans 6:15–end,,,,,,,,,,
6,OrdinaryTimeAfterPentecost.cs,ByDayOfWeek,14,,,12th Sunday in Ordinary Time (Te Pouhere Sunday),,Su,,,,,,,,,,,,,,,,,,
6,OrdinaryTimeAfterPentecost.cs,ByDayOfWeek,15,,,Week of 12th Sunday in Ordinary Time,FALSE,M,,,,Joshua 14,2 Chronicles 33:1–13,Job 13,Luke 12:1–12,Romans 7:1–6,,,,,,,,,,
6,OrdinaryTimeAfterPentecost.cs,ByDayOfWeek,16,,,Week of 12th Sunday in Ordinary Time,FALSE,T,,,,Joshua 21:43–22:8,2 Chronicles 34:1–18,Job 14,Luke 12:13–21,Romans 7:7–end,,,,,,,,,,
6,OrdinaryTimeAfterPentecost.cs,ByDayOfWeek,17,,,Week of 12th Sunday in Ordinary Time,FALSE,W,,,,Joshua 22:9–end,2 Chronicles 34:19–end,Job 15,Luke 12:22–31,Romans 8:1–11,,,,,,,,,,
6,OrdinaryTimeAfterPentecost.cs,ByDayOfWeek,18,,,Week of 12th Sunday in Ordinary Time,FALSE,Th,,,,Joshua 23,2 Chronicles 35:1–19,Job 16:1–17:2,Luke 12:32–40,Romans 8:12–17,,,,,,,,,,
6,OrdinaryTimeAfterPentecost.cs,ByDayOfWeek,19,,,Week of 12th Sunday in Ordinary Time,FALSE,F,,,,Joshua 24:1–28,2 Chronicles 35:20–36:10,Job 17:3–end,Luke 12:41–48,Romans 8:18–30,,,,,,,,,,
6,OrdinaryTimeAfterPentecost.cs,ByDayOfWeek,20,,,Week of 12th Sunday in Ordinary Time,FALSE,S,,,,Joshua 24:29–end,2 Chronicles 36:11–end,Job 18,Luke 12:49–end,Romans 8:31–end,,,,,,,,,,
6,OrdinaryTimeAfterPentecost.cs,ByDayOfWeek,21,,,13th Sunday in Ordinary Time,,Su,,,,,,,,,,,,,,,,,,
6,OrdinaryTimeAfterPentecost.cs,ByDayOfWeek,22,,,Week of 13th Sunday in Ordinary Time,FALSE,M,,,,Judges 2,Ezra 1,Job 19,Luke 13:1–9,Romans 9:1–18,,,,,,,,,,
6,OrdinaryTimeAfterPentecost.cs,ByDayOfWeek,23,,,Week of 13th Sunday in Ordinary Time,FALSE,T,,,,Judges 4:1–23,Ezra 3,Job 21,Luke 13:10–21,Romans 9:19–end,,,,,,,,,,
6,OrdinaryTimeAfterPentecost.cs,ByDayOfWeek,24,,,Week of 13th Sunday in Ordinary Time,FALSE,W,,,,Judges 5,Ezra 4:1–5,Job 22,Luke 13:22–end,Romans 10:1–10,,,,,,,,,,
6,OrdinaryTimeAfterPentecost.cs,ByDayOfWeek,25,,,Week of 13th Sunday in Ordinary Time,FALSE,Th,,,,Judges 6:1–24,Ezra 4:7–end,Job 23,Luke 14:1–11,Romans 10:11–end,,,,,,,,,,
6,OrdinaryTimeAfterPentecost.cs,ByDayOfWeek,26,,,Week of 13th Sunday in Ordinary Time,FALSE,F,,,,Judges 6:25–end,Ezra 5,Job 24,Luke 14:12–24,Romans 11:1–12,,,,,,,,,,
6,OrdinaryTimeAfterPentecost.cs,ByDayOfWeek,27,,,Week of 13th Sunday in Ordinary Time,FALSE,S,,,,Judges 7,Ezra 6,Job 25–26,Luke 14:25–end,Romans 11:13–24,,,,,,,,,,
6,OrdinaryTimeAfterPentecost.cs,ByDayOfWeek,28,,,14th Sunday in Ordinary Time,,Su,,,,,,,,,,,,,,,,,,
6,OrdinaryTimeAfterPentecost.cs,ByDayOfWeek,29,,,Week of 14th Sunday in Ordinary Time,FALSE,M,,,,Judges 8:22–end,Ezra 7,Job 27,Luke 15:1–10,Romans 11:25–end,,,,,,,,,,
6,OrdinaryTimeAfterPentecost.cs,ByDayOfWeek,30,,,Week of 14th Sunday in Ordinary Time,FALSE,T,,,,Judges 9:1–21,Ezra 8:15–end,Job 28,Luke 15:11–end,Romans 12:1–8,,,,,,,,,,
6,OrdinaryTimeAfterPentecost.cs,ByDayOfWeek,31,,,Week of 14th Sunday in Ordinary Time,FALSE,W,,,,Judges 9:22–end,Ezra 9,Job 29,Luke 16:1–18,Romans 12:9–end,,,,,,,,,,
6,OrdinaryTimeAfterPentecost.cs,ByDayOfWeek,32,,,Week of 14th Sunday in Ordinary Time,FALSE,Th,,,,Judges 11:1–11,Ezra 10:1–17,Job 30,Luke 16:19–end,Romans 13:1–7,,,,,,,,,,
6,OrdinaryTimeAfterPentecost.cs,ByDayOfWeek,33,,,Week of 14th Sunday in Ordinary Time,FALSE,F,,,,Judges 11:29–end,Nehemiah 1,Job 31,Luke 17:1–10,Romans 13:8–end,,,,,,,,,,
6,OrdinaryTimeAfterPentecost.cs,ByDayOfWeek,34,,,Week of 14th Sunday in Ordinary Time,FALSE,S,,,,Judges 12:1–7,Nehemiah 2,Job 32,Luke 17:11–19,Romans 14:1–12,,,,,,,,,,
6,OrdinaryTimeAfterPentecost.cs,ByDayOfWeek,35,,,15th Sunday in Ordinary Time,,Su,,,,,,,,,,,,,,,,,,
6,OrdinaryTimeAfterPentecost.cs,ByDayOfWeek,36,,,Week of 15th Sunday in Ordinary Time,FALSE,M,,,,Judges 13:1–24,Nehemiah 4,Job 33,Luke 17:20–end,Romans 14:13–end,,,,,,,,,,
6,OrdinaryTimeAfterPentecost.cs,ByDayOfWeek,37,,,Week of 15th Sunday in Ordinary Time,FALSE,T,,,,Judges 14,Nehemiah 5,Job 38,Luke 18:1–14,Romans 15:1–13,,,,,,,,,,
6,OrdinaryTimeAfterPentecost.cs,ByDayOfWeek,38,,,Week of 15th Sunday in Ordinary Time,FALSE,W,,,,Judges 15:1–16:3,Nehemiah 6:1–7:4,Job 39,Luke 18:15–30,Romans 15:14–21,,,,,,,,,,
6,OrdinaryTimeAfterPentecost.cs,ByDayOfWeek,39,,,Week of 15th Sunday in Ordinary Time,FALSE,Th,,,,Judges 16:4–end,Nehemiah 7:73b–end; Nehemiah 8,Job 40,Luke 18:31–end,Romans 15:22–end,,,,,,,,,,
6,OrdinaryTimeAfterPentecost.cs,ByDayOfWeek,40,,,Week of 15th Sunday in Ordinary Time,FALSE,F,,,,Judges 17,Nehemiah 9:1–23,Job 41,Luke 19:1–10,Romans 16:1–16,,,,,,,,,,
6,OrdinaryTimeAfterPentecost.cs,ByDayOfWeek,41,,,Week of 15th Sunday in Ordinary Time,FALSE,S,,,,"Judges 18:1–20,18:27–end",Nehemiah 9:24–end,Job 42,Luke 19:11–27,Romans 16:17–end,,,,,,,,,,
6,OrdinaryTimeAfterPentecost.cs,ByDayOfWeek,42,,,16th Sunday in Ordinary Time,,Su,,,,,,,,,,,,,,,,,,
6,OrdinaryTimeAfterPentecost.cs,ByDayOfWeek,43,,,Week of 16th Sunday in Ordinary Time,FALSE,M,,,,1 Samuel 1:1–20,Nehemiah 12:27–47,Ezekiel 1:1–14,Luke 19:28–40,2 Corinthians 1:1–14,,,,,,,,,,
6,OrdinaryTimeAfterPentecost.cs,ByDayOfWeek,44,,,Week of 16th Sunday in Ordinary Time,FALSE,T,,,,1 Samuel 1:21–2:11,Nehemiah 13:1–14,Ezekiel 1:15–2:2,Luke 19:41–end,2 Corinthians 1:15–2:4,,,,,,,,,,
6,OrdinaryTimeAfterPentecost.cs,ByDayOfWeek,45,,,Week of 16th Sunday in Ordinary Time,FALSE,W,,,,1 Samuel 2:12–26,Nehemiah 13:15–end,Ezekiel 2:3–3:11,Luke 20:1–8,2 Corinthians 2:5–end,,,,,,,,,,
6,OrdinaryTimeAfterPentecost.cs,ByDayOfWeek,46,,,Week of 16th Sunday in Ordinary Time,FALSE,Th,,,,1 Samuel 2:27–end,Esther 1,Ezekiel 3:12–end,Luke 20:9–19,2 Corinthians 3,,,,,,,,,,
6,OrdinaryTimeAfterPentecost.cs,ByDayOfWeek,47,,,Week of 16th Sunday in Ordinary Time,FALSE,F,,,,1 Samuel 3:1–4:1a,Esther 2,Ezekiel 8,Luke 20:20–26,2 Corinthians 4,,,,,,,,,,
6,OrdinaryTimeAfterPentecost.cs,ByDayOfWeek,48,,,Week of 16th Sunday in Ordinary Time,FALSE,S,,,,1 Samuel 4:1b–end,Esther 3,Ezekiel 9,Luke 20:27–40,2 Corinthians 5,,,,,,,,,,
6,OrdinaryTimeAfterPentecost.cs,ByDayOfWeek,49,,,17th Sunday in Ordinary Time,,Su,,,,,,,,,,,,,,,,,,
6,OrdinaryTimeAfterPentecost.cs,ByDayOfWeek,50,,,Week of 17th Sunday in Ordinary Time,FALSE,M,,,,1 Samuel 5,Esther 4,Ezekiel 10:1–19,Luke 20:41–21:4,2 Corinthians 6:1–7:1,,,,,,,,,,
6,OrdinaryTimeAfterPentecost.cs,ByDayOfWeek,51,,,Week of 17th Sunday in Ordinary Time,FALSE,T,,,,1 Samuel 6:1–16,Esther 5,Ezekiel 11:14–end,Luke 21:5–19,2 Corinthians 7:2–end,,,,,,,,,,
6,OrdinaryTimeAfterPentecost.cs,ByDayOfWeek,52,,,Week of 17th Sunday in Ordinary Time,FALSE,W,,,,1 Samuel 7,Esther 6:1–13,Ezekiel 12:1–16,Luke 21:20–28,2 Corinthians 8:1–15,,,,,,,,,,
6,OrdinaryTimeAfterPentecost.cs,ByDayOfWeek,53,,,Week of 17th Sunday in Ordinary Time,FALSE,Th,,,,1 Samuel 8,Esther 6:14–end; Esther 7,Ezekiel 12:17–end,Luke 21:29–end,2 Corinthians 8:16–9:5,,,,,,,,,,
6,OrdinaryTimeAfterPentecost.cs,ByDayOfWeek,54,,,Week of 17th Sunday in Ordinary Time,FALSE,F,,,,1 Samuel 9:1–14,Esther 8,Ezekiel 13:1–16,Luke 22:1–13,2 Corinthians 9:6–end,,,,,,,,,,
6,OrdinaryTimeAfterPentecost.cs,ByDayOfWeek,55,,,Week of 17th Sunday in Ordinary Time,FALSE,S,,,,1 Samuel 9:15–10:1,Esther 9:20–28,Ezekiel 14:1–11,Luke 22:14–23,2 Corinthians 10,,,,,,,,,,
6,OrdinaryTimeAfterPentecost.cs,ByDayOfWeek,56,,,18th Sunday in Ordinary Time,,Su,,,,,,,,,,,,,,,,,,
6,OrdinaryTimeAfterPentecost.cs,ByDayOfWeek,57,,,Week of 18th Sunday in Ordinary Time,FALSE,M,,,,1 Samuel 10:1–16,Jeremiah 26,Ezekiel 14:12–end,Luke 22:24–30,2 Corinthians 11:1–15,,,,,,,,,,
6,OrdinaryTimeAfterPentecost.cs,ByDayOfWeek,58,,,Week of 18th Sunday in Ordinary Time,FALSE,T,,,,1 Samuel 10:17–end,Jeremiah 28,Ezekiel 18:1–20,Luke 22:31–38,2 Corinthians 11:16–end,,,,,,,,,,
6,OrdinaryTimeAfterPentecost.cs,ByDayOfWeek,59,,,Week of 18th Sunday in Ordinary Time,FALSE,W,,,,1 Samuel 11,Jeremiah 29:1–14,Ezekiel 18:21–32,Luke 22:39–46,2 Corinthians 12,,,,,,,,,,
6,OrdinaryTimeAfterPentecost.cs,ByDayOfWeek,60,,,Week of 18th Sunday in Ordinary Time,FALSE,Th,,,,1 Samuel 12,Jeremiah 30:1–11,Ezekiel 20:1–20,Luke 22:47–62,2 Corinthians 13,,,,,,,,,,
6,OrdinaryTimeAfterPentecost.cs,ByDayOfWeek,61,,,Week of 18th Sunday in Ordinary Time,FALSE,F,,,,1 Samuel 13:5–18,Jeremiah 30:12–22,Ezekiel 20:21–38,Luke 22:63–end,James 1:1–11,,,,,,,,,,
6,OrdinaryTimeAfterPentecost.cs,ByDayOfWeek,62,,,Week of 18th Sunday in Ordinary Time,FALSE,S,,,,1 Samuel 13:19–14:15,Jeremiah 31:1–22,Ezekiel 24:15–end,Luke 23:1–12,James 1:12–end,,,,,,,,,,
6,OrdinaryTimeAfterPentecost.cs,ByDayOfWeek,63,,,19th Sunday in Ordinary Time,,Su,,,,,,,,,,,,,,,,,,
6,OrdinaryTimeAfterPentecost.cs,ByDayOfWeek,64,,,Week of 19th Sunday in Ordinary Time,FALSE,M,,,,1 Samuel 14:24–46,"Jeremiah 31:23–25,31:27–37",Ezekiel 28:1–19,Luke 23:13–25,James 2:1–13,,,,,,,,,,
6,OrdinaryTimeAfterPentecost.cs,ByDayOfWeek,65,,,Week of 19th Sunday in Ordinary Time,FALSE,T,,,,1 Samuel 15:1–23,Jeremiah 32:1–15,Ezekiel 33:1–20,Luke 23:26–43,James 2:14–end,,,,,,,,,,
6,OrdinaryTimeAfterPentecost.cs,ByDayOfWeek,66,,,Week of 19th Sunday in Ordinary Time,FALSE,W,,,,1 Samuel 16,Jeremiah 33:1–13,Ezekiel 33:21–end,Luke 23:44–56a,James 3,,,,,,,,,,
6,OrdinaryTimeAfterPentecost.cs,ByDayOfWeek,67,,,Week of 19th Sunday in Ordinary Time,FALSE,Th,,,,1 Samuel 17:1–30,Jeremiah 33:14–end,Ezekiel 34:1–16,Luke 23:56b–24:12,James 4:1–12,,,,,,,,,,
6,OrdinaryTimeAfterPentecost.cs,ByDayOfWeek,68,,,Week of 19th Sunday in Ordinary Time,FALSE,F,,,,1 Samuel 17:31–54,Jeremiah 35,Ezekiel 34:17–end,Luke 24:13–35,James 4:13–5:6,,,,,,,,,,
6,OrdinaryTimeAfterPentecost.cs,ByDayOfWeek,69,,,Week of 19th Sunday in Ordinary Time,FALSE,S,,,,1 Samuel 17:55–18:16,Jeremiah 36:1–18,Ezekiel 36:16–36,Luke 24:36–end,James 5:7–end,,,,,,,,,,
6,OrdinaryTimeAfterPentecost.cs,ByDayOfWeek,70,,,20th Sunday in Ordinary Time,,Su,,,,,,,,,,,,,,,,,,
6,OrdinaryTimeAfterPentecost.cs,ByDayOfWeek,71,,,Week of 20th Sunday in Ordinary Time,FALSE,M,,,,1 Samuel 19:1–18,Jeremiah 36:19–end,Ezekiel 37:1–14,Acts 1:1–14,Mark 1:1–13,,,,,,,,,,
6,OrdinaryTimeAfterPentecost.cs,ByDayOfWeek,72,,,Week of 20th Sunday in Ordinary Time,FALSE,T,,,,1 Samuel 20:1–17,Jeremiah 37,Ezekiel 37:15–end,Acts 1:15–end,Mark 1:14–20,,,,,,,,,,
6,OrdinaryTimeAfterPentecost.cs,ByDayOfWeek,73,,,Week of 20th Sunday in Ordinary Time,FALSE,W,,,,1 Samuel 20:18–end,Jeremiah 38:1–13,Ezekiel 39:21–end,Acts 2:1–21,Mark 1:21–28,,,,,,,,,,
6,OrdinaryTimeAfterPentecost.cs,ByDayOfWeek,74,,,Week of 20th Sunday in Ordinary Time,FALSE,Th,,,,1 Samuel 21:1–22:5,Jeremiah 38:14–end,Ezekiel 43:1–12,Acts 2:22–36,Mark 1:29–end,,,,,,,,,,
6,OrdinaryTimeAfterPentecost.cs,ByDayOfWeek,75,,,Week of 20th Sunday in Ordinary Time,FALSE,F,,,,1 Samuel 22:6–end,Jeremiah 39,Ezekiel 44:4–16,Acts 2:37–end,Mark 2:1–12,,,,,,,,,,
6,OrdinaryTimeAfterPentecost.cs,ByDayOfWeek,76,,,Week of 20th Sunday in Ordinary Time,FALSE,S,,,,1 Samuel 23,Jeremiah 40,Ezekiel 47:1–12,Acts 3:1–10,Mark 2:13–22,,,,,,,,,,
6,OrdinaryTimeAfterPentecost.cs,ByDayOfWeek,77,,,21st Sunday in Ordinary Time,,Su,,,,,,,,,,,,,,,,,,
6,OrdinaryTimeAfterPentecost.cs,ByDayOfWeek,78,,,Week of 21st Sunday in Ordinary Time,FALSE,M,,,,1 Samuel 24,Jeremiah 41,Proverbs 1:1–19,Acts 3:11–end,Mark 2:23–3:6,,,,,,,,,,
6,OrdinaryTimeAfterPentecost.cs,ByDayOfWeek,79,,,Week of 21st Sunday in Ordinary Time,FALSE,T,,,,1 Samuel 26,Jeremiah 42,Proverbs 1:20–end,Acts 4:1–12,Mark 3:7–19a,,,,,,,,,,
6,OrdinaryTimeAfterPentecost.cs,ByDayOfWeek,80,,,Week of 21st Sunday in Ordinary Time,FALSE,W,,,,1 Samuel 28:3–end,Jeremiah 43,Proverbs 2,Acts 4:13–31,Mark 3:19b–end,,,,,,,,,,
6,OrdinaryTimeAfterPentecost.cs,ByDayOfWeek,81,,,Week of 21st Sunday in Ordinary Time,FALSE,Th,,,,1 Samuel 31,Jeremiah 44:1–14,Proverbs 3:1–26,Acts 4:32–5:11,Mark 4:1–20,,,,,,,,,,
6,OrdinaryTimeAfterPentecost.cs,ByDayOfWeek,82,,,Week of 21st Sunday in Ordinary Time,FALSE,F,,,,2 Samuel 1,Jeremiah 44:15–end,Proverbs 3:27–4:19,Acts 5:12–26,Mark 4:21–34,,,,,,,,,,
6,OrdinaryTimeAfterPentecost.cs,ByDayOfWeek,83,,,Week of 21st Sunday in Ordinary Time,FALSE,S,,,,2 Samuel 2:1–11,Jeremiah 45,Proverbs 6:1–19,Acts 5:27–end,Mark 4:35–end,,,,,,,,,,
6,OrdinaryTimeAfterPentecost.cs,ByDayOfWeek,84,,,22nd Sunday in Ordinary Time,,Su,,,,,,,,,,,,,,,,,,
6,OrdinaryTimeAfterPentecost.cs,ByDayOfWeek,85,,,Week of 22nd Sunday in Ordinary Time,FALSE,M,,,,2 Samuel 3:12–end,Micah 1:1–9,Proverbs 8:1–21,Acts 6,Mark 5:1–20,,,,,,,,,,
6,OrdinaryTimeAfterPentecost.cs,ByDayOfWeek,86,,,Week of 22nd Sunday in Ordinary Time,FALSE,T,,,,2 Samuel 5:1–12,Micah 2,Proverbs 8:22–end,Acts 7:1–16,Mark 5:21–34,,,,,,,,,,
6,OrdinaryTimeAfterPentecost.cs,ByDayOfWeek,87,,,Week of 22nd Sunday in Ordinary Time,FALSE,W,,,,2 Samuel 6:1–19,Micah 3,Proverbs 9,Acts 7:17–43,Mark 5:35–end,,,,,,,,,,
6,OrdinaryTimeAfterPentecost.cs,ByDayOfWeek,88,,,Week of 22nd Sunday in Ordinary Time,FALSE,Th,,,,2 Samuel 7:1–17,Micah 4:1–5:1,Proverbs 10:1–12,Acts 7:44–53,Mark 6:1–13,,,,,,,,,,
6,OrdinaryTimeAfterPentecost.cs,ByDayOfWeek,89,,,Week of 22nd Sunday in Ordinary Time,FALSE,F,,,,2 Samuel 7:18–end,Micah 5:2–end,Proverbs 11:1–12,Acts 7:54–8:3,Mark 6:14–29,,,,,,,,,,
6,OrdinaryTimeAfterPentecost.cs,ByDayOfWeek,90,,,Week of 22nd Sunday in Ordinary Time,FALSE,S,,,,2 Samuel 9,Micah 6,Proverbs 12:10–end,Acts 8:4–25,Mark 6:30–44,,,,,,,,,,
6,OrdinaryTimeAfterPentecost.cs,ByDayOfWeek,91,,,23rd Sunday in Ordinary Time,,Su,,,,,,,,,,,,,,,,,,
6,OrdinaryTimeAfterPentecost.cs,ByDayOfWeek,92,,,Week of 23rd Sunday in Ordinary Time,FALSE,M,,,,2 Samuel 11,Micah 7:1–7,Proverbs 14:31–15:17,Acts 8:26–end,Mark 6:45–end,,,,,,,,,,
6,OrdinaryTimeAfterPentecost.cs,ByDayOfWeek,93,,,Week of 23rd Sunday in Ordinary Time,FALSE,T,,,,2 Samuel 12:1–25,Micah 7:8–end,Proverbs 15:18–end,Acts 9:1–19a,Mark 7:1–13,,,,,,,,,,
6,OrdinaryTimeAfterPentecost.cs,ByDayOfWeek,94,,,Week of 23rd Sunday in Ordinary Time,FALSE,W,,,,2 Samuel 15:1–12,Habakkuk 1:1–11,Proverbs 18:10–end,Acts 9:19b–31,Mark 7:14–23,,,,,,,,,,
6,OrdinaryTimeAfterPentecost.cs,ByDayOfWeek,95,,,Week of 23rd Sunday in Ordinary Time,FALSE,Th,,,,2 Samuel 15:13–end,Habakkuk 1:12–2:5,Proverbs 20:1–22,Acts 9:32–end,Mark 7:24–30,,,,,,,,,,
6,OrdinaryTimeAfterPentecost.cs,ByDayOfWeek,96,,,Week of 23rd Sunday in Ordinary Time,FALSE,F,,,,2 Samuel 16:1–14,Habakkuk 2:6–end,Proverbs 22:1–16,Acts 10:1–16,Mark 7:31–end,,,,,,,,,,
6,OrdinaryTimeAfterPentecost.cs,ByDayOfWeek,97,,,Week of 23rd Sunday in Ordinary Time,FALSE,S,,,,2 Samuel 17:1–23,Habakkuk 3:2–19a,Proverbs 24:23–end,Acts 10:17–33,Mark 8:1–10,,,,,,,,,,
6,OrdinaryTimeAfterPentecost.cs,ByDayOfWeek,98,,,24th Sunday in Ordinary Time,,Su,,,,,,,,,,,,,,,,,,
6,OrdinaryTimeAfterPentecost.cs,ByDayOfWeek,99,,,Week of 24th Sunday in Ordinary Time,FALSE,M,,,,2 Samuel 18:1–18,Haggai 1:1–11,Proverbs 25:1–14,Acts 10:34–end,Mark 8:11–21,,,,,,,,,,
6,OrdinaryTimeAfterPentecost.cs,ByDayOfWeek,100,,,Week of 24th Sunday in Ordinary Time,FALSE,T,,,,2 Samuel 18:19–19:8a,Haggai 1:12–2:9,Proverbs 25:15–end,Acts 11:1–18,Mark 8:22–26,,,,,,,,,,
6,OrdinaryTimeAfterPentecost.cs,ByDayOfWeek,101,,,Week of 24th Sunday in Ordinary Time,FALSE,W,,,,2 Samuel 19:8b–23,Haggai 2:10–end,Proverbs 26:12–end,Acts 11:19–end,Mark 8:27–9:1,,,,,,,,,,
6,OrdinaryTimeAfterPentecost.cs,ByDayOfWeek,102,,,Week of 24th Sunday in Ordinary Time,FALSE,Th,,,,2 Samuel 19:24–end,Zechariah 1:1–17,Proverbs 27:1–22,Acts 12:1–17,Mark 9:2–13,,,,,,,,,,
6,OrdinaryTimeAfterPentecost.cs,ByDayOfWeek,103,,,Week of 24th Sunday in Ordinary Time,FALSE,F,,,,2 Samuel 23:1–7,Zechariah 1:18–end; Zechariah 2,"Proverbs 30:1–9,30:24–31",Acts 12:18–end,Mark 9:14–29,,,,,,,,,,
6,OrdinaryTimeAfterPentecost.cs,ByDayOfWeek,104,,,Week of 24th Sunday in Ordinary Time,FALSE,S,,,,2 Samuel 24,Zechariah 3,Proverbs 31:10–end,Acts 13:1–12,Mark 9:30–37,,,,,,,,,,
6,OrdinaryTimeAfterPentecost.cs,ByDayOfWeek,105,,,25th Sunday in Ordinary Time,,Su,,,,,,,,,,,,,,,,,,
6,OrdinaryTimeAfterPentecost.cs,ByDayOfWeek,106,,,Week of 25th Sunday in Ordinary Time,FALSE,M,,,,1 Kings 1:5–31,Zechariah 4,1 Chronicles 10:1–11:9,Acts 13:13–43,Mark 9:38–end,,,,,,,,,,
6,OrdinaryTimeAfterPentecost.cs,ByDayOfWeek,107,,,Week of 25th Sunday in Ordinary Time,FALSE,T,,,,1 Kings 1:32–2:4; 1 Kings 2:10–12,Zechariah 6:9–end,1 Chronicles 13,Acts 13:44–14:7,Mark 10:1–16,,,,,,,,,,
6,OrdinaryTimeAfterPentecost.cs,ByDayOfWeek,108,,,Week of 25th Sunday in Ordinary Time,FALSE,W,,,,1 Kings 3,Zechariah 7,1 Chronicles 15:1–16:3,Acts 14:8–end,Mark 10:17–31,,,,,,,,,,
6,OrdinaryTimeAfterPentecost.cs,ByDayOfWeek,109,,,Week of 25th Sunday in Ordinary Time,FALSE,Th,,,,1 Kings 4:29–5:12,Zechariah 8:1–8,1 Chronicles 17,Acts 15:1–21,Mark 10:32–34,,,,,,,,,,
6,OrdinaryTimeAfterPentecost.cs,ByDayOfWeek,110,,,Week of 25th Sunday in Ordinary Time,FALSE,F,,,,"1 Kings 6:1,6:11–28",Zechariah 8:9–end,1 Chronicles 21:1–22:1,Acts 15:22–35,Mark 10:35–45,,,,,,,,,,
6,OrdinaryTimeAfterPentecost.cs,ByDayOfWeek,111,,,Week of 25th Sunday in Ordinary Time,FALSE,S,,,,1 Kings 8:1–30,Zechariah 9:1–12,1 Chronicles 22:2–end,Acts 15:36–16:5,Mark 10:46–end,,,,,,,,,,
6,OrdinaryTimeAfterPentecost.cs,ByDayOfWeek,112,,,26th Sunday in Ordinary Time,,Su,,,,,,,,,,,,,,,,,,
6,OrdinaryTimeAfterPentecost.cs,ByDayOfWeek,113,,,Week of 26th Sunday in Ordinary Time,FALSE,M,,,,1 Kings 8:31–62,Zechariah 10,1 Chronicles 28:1–10,Acts 16:6–24,Mark 11:1–11,,,,,,,,,,
6,OrdinaryTimeAfterPentecost.cs,ByDayOfWeek,114,,,Week of 26th Sunday in Ordinary Time,FALSE,T,,,,1 Kings 8:63–9:9,Zechariah 11:4–end,1 Chronicles 28:11–end,Acts 16:25–end,Mark 11:12–26,,,,,,,,,,
6,OrdinaryTimeAfterPentecost.cs,ByDayOfWeek,115,,,Week of 26th Sunday in Ordinary Time,FALSE,W,,,,1 Kings 10:1–25,Zechariah 12:1–10,1 Chronicles 29:1–9,Acts 17:1–15,Mark 11:27–end,,,,,,,,,,
6,OrdinaryTimeAfterPentecost.cs,ByDayOfWeek,116,,,Week of 26th Sunday in Ordinary Time,FALSE,Th,,,,1 Kings 11:1–13,Zechariah 13,1 Chronicles 29:10–20,Acts 17:16–end,Mark 12:1–12,,,,,,,,,,
6,OrdinaryTimeAfterPentecost.cs,ByDayOfWeek,117,,,Week of 26th Sunday in Ordinary Time,FALSE,F,,,,1 Kings 11:26–end,Zechariah 14:1–11,1 Chronicles 29:21–end,Acts 18:1–21,Mark 12:13–17,,,,,,,,,,
6,OrdinaryTimeAfterPentecost.cs,ByDayOfWeek,118,,,Week of 26th Sunday in Ordinary Time,FALSE,S,,,,1 Kings 12:1–24,Zechariah 14:12–end,2 Chronicles 1:1–13,Acts 18:22–19:7,Mark 12:18–27,,,,,,,,,,
6,OrdinaryTimeAfterPentecost.cs,ByDayOfWeek,119,,,27th Sunday in Ordinary Time,,Su,,,,,,,,,,,,,,,,,,
6,OrdinaryTimeAfterPentecost.cs,ByDayOfWeek,120,,,Week of 27th Sunday in Ordinary Time,FALSE,M,,,,1 Kings 12:25–13:10,Ezekiel 1:1–14,2 Chronicles 2:1–16,Acts 19:8–20,Mark 12:28–34,,,,,,,,,,
6,OrdinaryTimeAfterPentecost.cs,ByDayOfWeek,121,,,Week of 27th Sunday in Ordinary Time,FALSE,T,,,,1 Kings 13:11–end,Ezekiel 1:15–2:2,2 Chronicles 3,Acts 19:21–end,Mark 12:35–end,,,,,,,,,,
6,OrdinaryTimeAfterPentecost.cs,ByDayOfWeek,122,,,Week of 27th Sunday in Ordinary Time,FALSE,W,,,,1 Kings 17,Ezekiel 2:3–3:11,2 Chronicles 5,Acts 20:1–16,Mark 13:1–13,,,,,,,,,,
6,OrdinaryTimeAfterPentecost.cs,ByDayOfWeek,123,,,Week of 27th Sunday in Ordinary Time,FALSE,Th,,,,1 Kings 18:1–20,Ezekiel 3:12–end,2 Chronicles 6:1–21,Acts 20:17–end,Mark 13:14–23,,,,,,,,,,
6,OrdinaryTimeAfterPentecost.cs,ByDayOfWeek,124,,,Week of 27th Sunday in Ordinary Time,FALSE,F,,,,1 Kings 18:21–end,Ezekiel 8,2 Chronicles 6:22–end,Acts 21:1–16,Mark 13:24–31 ,,,,,,,,,,
6,OrdinaryTimeAfterPentecost.cs,ByDayOfWeek,125,,,Week of 27th Sunday in Ordinary Time,FALSE,S,,,,1 Kings 19,Ezekiel 9,2 Chronicles 7,Acts 21:17–36,Mark 13:32–end,,,,,,,,,,
6,OrdinaryTimeAfterPentecost.cs,ByDayOfWeek,126,,,28th Sunday in Ordinary Time,,Su,,,,,,,,,,,,,,,,,,
6,OrdinaryTimeAfterPentecost.cs,ByDayOfWeek,127,,,Week of 28th Sunday in Ordinary Time,FALSE,M,,,,1 Kings 21,Ezekiel 10:1–19,2 Chronicles 9:1–12,Acts 21:37–22:21,Mark 14:1–11,,,,,,,,,,
6,OrdinaryTimeAfterPentecost.cs,ByDayOfWeek,128,,,Week of 28th Sunday in Ordinary Time,FALSE,T,,,,1 Kings 22:1–28,Ezekiel 11:14–end,2 Chronicles 10:1–11:4,Acts 22:22–23:11,Mark 14:12–25,,,,,,,,,,
6,OrdinaryTimeAfterPentecost.cs,ByDayOfWeek,129,,,Week of 28th Sunday in Ordinary Time,FALSE,W,,,,1 Kings 22:29–45,Ezekiel 12:1–16,2 Chronicles 12,Acts 23:12–end,Mark 14:26–42,,,,,,,,,,
6,OrdinaryTimeAfterPentecost.cs,ByDayOfWeek,130,,,Week of 28th Sunday in Ordinary Time,FALSE,Th,,,,2 Kings 1:2–17,Ezekiel 12:17–end,2 Chronicles 13:1–14:1,Acts 24:1–23,Mark 14:43–52,,,,,,,,,,
6,OrdinaryTimeAfterPentecost.cs,ByDayOfWeek,131,,,Week of 28th Sunday in Ordinary Time,FALSE,F,,,,2 Kings 2:1–18,Ezekiel 13:1–16,2 Chronicles 14:2–end,Acts 24:24–25:12,Mark 14:53–65,,,,,,,,,,
6,OrdinaryTimeAfterPentecost.cs,ByDayOfWeek,132,,,Week of 28th Sunday in Ordinary Time,FALSE,S,,,,2 Kings 4:1–37,Ezekiel 14:1–11,2 Chronicles 15:1–15,Acts 25:13–end,Mark 14:66–end,,,,,,,,,,
6,OrdinaryTimeAfterPentecost.cs,ByDayOfWeek,133,,,29th Sunday in Ordinary Time,,Su,,,,,,,,,,,,,,,,,,
6,OrdinaryTimeAfterPentecost.cs,ByDayOfWeek,134,,,Week of 29th Sunday in Ordinary Time,FALSE,M,,,,2 Kings 5,Ezekiel 14:12–end,2 Chronicles 17:1–12,Acts 26:1–23,Mark 15:1–15,,,,,,,,,,
6,OrdinaryTimeAfterPentecost.cs,ByDayOfWeek,135,,,Week of 29th Sunday in Ordinary Time,FALSE,T,,,,2 Kings 6:1–23,Ezekiel 18:1–20,2 Chronicles 18:1–27,Acts 26:24–end,Mark 15:16–32,,,,,,,,,,
6,OrdinaryTimeAfterPentecost.cs,ByDayOfWeek,136,,,Week of 29th Sunday in Ordinary Time,FALSE,W,,,,2 Kings 9:1–16,Ezekiel 18:21–32,2 Chronicles 18:28–end; 2 Chronicles 19,Acts 27:1–26,Mark 15:33–41,,,,,,,,,,
6,OrdinaryTimeAfterPentecost.cs,ByDayOfWeek,137,,,Week of 29th Sunday in Ordinary Time,FALSE,Th,,,,2 Kings 9:17–end,Ezekiel 20:1–20,2 Chronicles 20:1–23,Acts 27:27–end,Mark 15:42–end,,,,,,,,,,
6,OrdinaryTimeAfterPentecost.cs,ByDayOfWeek,138,,,Week of 29th Sunday in Ordinary Time,FALSE,F,,,,2 Kings 12:1–19,Ezekiel 20:21–38,2 Chronicles 22:10–end; 2 Chronicles 23,Acts 28:1–16,Mark 16:1–8,,,,,,,,,,
6,OrdinaryTimeAfterPentecost.cs,ByDayOfWeek,139,,,Week of 29th Sunday in Ordinary Time,FALSE,S,,,,2 Kings 17:1–23,Ezekiel 24:15–end,2 Chronicles 24:1–22,Acts 28:17–end,Mark 16:9–end,,,,,,,,,,
6,OrdinaryTimeAfterPentecost.cs,ByDayOfWeek,140,,,30th Sunday in Ordinary Time,,Su,,,,,,,,,,,,,,,,,,
6,OrdinaryTimeAfterPentecost.cs,ByDayOfWeek,141,,,Week of 30th Sunday in Ordinary Time,FALSE,M,,,,2 Kings 17:24–end,Ezekiel 28:1–19,2 Chronicles 26:1–21,Philippians 1:1–11,John 13:1–11,,,,,,,,,,
6,OrdinaryTimeAfterPentecost.cs,ByDayOfWeek,142,,,Week of 30th Sunday in Ordinary Time,FALSE,T,,,,2 Kings 18:1–12,Ezekiel 33:1–20,2 Chronicles 28,Philippians 1:12–end,John 13:12–20,,,,,,,,,,
6,OrdinaryTimeAfterPentecost.cs,ByDayOfWeek,143,,,Week of 30th Sunday in Ordinary Time,FALSE,W,,,,2 Kings 18:13–end,Ezekiel 33:21–end,2 Chronicles 29:1–19,Philippians 2:1–13,John 13:21–30,,,,,,,,,,
6,OrdinaryTimeAfterPentecost.cs,ByDayOfWeek,144,,,Week of 30th Sunday in Ordinary Time,FALSE,Th,,,,2 Kings 19:1–19,Ezekiel 34:1–16,2 Chronicles 29:20–end,Philippians 2:14–end,John 13:31–end,,,,,,,,,,
6,OrdinaryTimeAfterPentecost.cs,ByDayOfWeek,145,,,Week of 30th Sunday in Ordinary Time,FALSE,F,,,,2 Kings 19:20–36,Ezekiel 34:17–end,2 Chronicles 30,Philippians 3:1–4:1,John 14:1–14,,,,,,,,,,
6,OrdinaryTimeAfterPentecost.cs,ByDayOfWeek,146,,,Week of 30th Sunday in Ordinary Time,FALSE,S,,,,2 Kings 20,Ezekiel 36:16–36,2 Chronicles 32:1–22,Philippians 4:2–end,John 14:15–end,,,,,,,,,,
6,OrdinaryTimeAfterPentecost.cs,ByDayOfWeek,147,,,31st Sunday in Ordinary Time,,Su,,,,,,,,,,,,,,,,,,
6,OrdinaryTimeAfterPentecost.cs,ByDayOfWeek,148,,,Week of 31st Sunday in Ordinary Time,FALSE,M,,,,2 Kings 21:1–18,Ezekiel 37:1–14,2 Chronicles 33:1–13,1 Timothy 1:1–17,John 15:1–11,,,,,,,,,,
6,OrdinaryTimeAfterPentecost.cs,ByDayOfWeek,149,,,Week of 31st Sunday in Ordinary Time,FALSE,T,,,,2 Kings 22:1–23:3,Ezekiel 37:15–end,2 Chronicles 34:1–18,1 Timothy 1:18–end; 1 Timothy 2,John 15:12–17,,,,,,,,,,
6,OrdinaryTimeAfterPentecost.cs,ByDayOfWeek,150,,,Week of 31st Sunday in Ordinary Time,FALSE,W,,,,2 Kings 23:4–25,Ezekiel 39:21–end,2 Chronicles 34:19–end,1 Timothy 3,John 15:18–end,,,,,,,,,,
6,OrdinaryTimeAfterPentecost.cs,ByDayOfWeek,151,,,Week of 31st Sunday in Ordinary Time,FALSE,Th,,,,2 Kings 23:36–24:17,Ezekiel 43:1–12,2 Chronicles 35:1–19,1 Timothy 4,John 16:1–15,,,,,,,,,,
6,OrdinaryTimeAfterPentecost.cs,ByDayOfWeek,152,,,Week of 31st Sunday in Ordinary Time,FALSE,F,,,,2 Kings 24:18–25:12,Ezekiel 44:4–16,2 Chronicles 35:20–36:10,1 Timothy 5:1–16,John 16:16–22,,,,,,,,,,
6,OrdinaryTimeAfterPentecost.cs,ByDayOfWeek,153,,,Week of 31st Sunday in Ordinary Time,FALSE,S,,,,2 Kings 25:22–end,Ezekiel 47:1–12,2 Chronicles 36:11–end,1 Timothy 5:17–end,John 16:23–end,,,,,,,,,,
6,OrdinaryTimeAfterPentecost.cs,ByDayOfWeek,154,,,32nd Sunday in Ordinary Time,,Su,,,,,,,,,,,,,,,,,,
6,OrdinaryTimeAfterPentecost.cs,ByDayOfWeek,155,,,Week of 32nd Sunday in Ordinary Time,FALSE,M,,,,Exodus 22:21–27; Exodus 23:1–17,Ecclesiastes 1,Micah 1:1–9,1 Timothy 6:1–10,John 17:1–5,,,,,,,,,,
6,OrdinaryTimeAfterPentecost.cs,ByDayOfWeek,156,,,Week of 32nd Sunday in Ordinary Time,FALSE,T,,,,Exodus 29:38–30:16,Ecclesiastes 2,Micah 2,1 Timothy 6:11–end,John 17:6–19,,,,,,,,,,
6,OrdinaryTimeAfterPentecost.cs,ByDayOfWeek,157,,,Week of 32nd Sunday in Ordinary Time,FALSE,W,,,,Leviticus 8,Ecclesiastes 3:1–15,Micah 3,2 Timothy 1:1–14,John 17:20–end,,,,,,,,,,
6,OrdinaryTimeAfterPentecost.cs,ByDayOfWeek,158,,,Week of 32nd Sunday in Ordinary Time,FALSE,Th,,,,Leviticus 9,Ecclesiastes 3:16–end; Ecclesiastes 4,Micah 4:1–5:1,2 Timothy 1:15–2:13,John 18:1–11,,,,,,,,,,
6,OrdinaryTimeAfterPentecost.cs,ByDayOfWeek,159,,,Week of 32nd Sunday in Ordinary Time,FALSE,F,,,,Leviticus 16:2–24,Ecclesiastes 5,Micah 5:2–end,2 Timothy 2:14–end,John 18:12–27,,,,,,,,,,
6,OrdinaryTimeAfterPentecost.cs,ByDayOfWeek,160,,,Week of 32nd Sunday in Ordinary Time,FALSE,S,,,,Leviticus 17,Ecclesiastes 6,Micah 6,2 Timothy 3,John 18:28–end,,,,,,,,,,
6,OrdinaryTimeAfterPentecost.cs,ByDayOfWeek,161,,,33rd Sunday in Ordinary Time,,Su,,,,,,,,,,,,,,,,,,
6,OrdinaryTimeAfterPentecost.cs,ByDayOfWeek,162,,,Week of 33rd Sunday in Ordinary Time,FALSE,M,,,,"Leviticus 19:1–18,19:30–end",Ecclesiastes 7:1–14,Micah 7:1–7,2 Timothy 4:1–8,John 19:1–16,,,,,,,,,,
6,OrdinaryTimeAfterPentecost.cs,ByDayOfWeek,163,,,Week of 33rd Sunday in Ordinary Time,FALSE,T,,,,Leviticus 23:1–22,Ecclesiastes 7:15–end,Micah 7:8–end,2 Timothy 4:9–end,John 19:17–30,,,,,,,,,,
6,OrdinaryTimeAfterPentecost.cs,ByDayOfWeek,164,,,Week of 33rd Sunday in Ordinary Time,FALSE,W,,,,Leviticus 23:23–end,Ecclesiastes 8,Habakkuk 1:1–11,Titus 1,John 19:31–end,,,,,,,,,,
6,OrdinaryTimeAfterPentecost.cs,ByDayOfWeek,165,,,Week of 33rd Sunday in Ordinary Time,FALSE,Th,,,,Leviticus 24:1–9,Ecclesiastes 9,Habakkuk 1:12–2:5,Titus 2,John 20:1–10,,,,,,,,,,
6,OrdinaryTimeAfterPentecost.cs,ByDayOfWeek,166,,,Week of 33rd Sunday in Ordinary Time,FALSE,F,,,,Leviticus 25:1–24,Ecclesiastes 11:1–8,Habakkuk 2:6–end,Titus 3,John 20:11–18,,,,,,,,,,
6,OrdinaryTimeAfterPentecost.cs,ByDayOfWeek,167,,,Week of 33rd Sunday in Ordinary Time,FALSE,S,,,,"Numbers 6:1–5,6:21–end",Ecclesiastes 11:9–end; Ecclesiastes 12,Habakkuk 3:2–19a,Philemon,John 20:19–end,,,,,,,,,,
8,OrdinaryTimePsalms.cs,ByDayOfWeek,1,,,,,Su,,,,,,,,,,,,,,,,,,
8,OrdinaryTimePsalms.cs,ByDayOfWeek,2,,,,,M,,,,,,,,,,,,,1,"2, 3",,4,7,
8,OrdinaryTimePsalms.cs,ByDayOfWeek,3,,,,,T,,,,,,,,,,,,,5,6,8,9,10*,
8,OrdinaryTimePsalms.cs,ByDayOfWeek,4,,,,,W,,,,,,,,,,,,,119:1-32,,,11,"12,13",
8,OrdinaryTimePsalms.cs,ByDayOfWeek,5,,,,,Th,,,,,,,,,,,,,15,"14, 16",,18*,,
8,OrdinaryTimePsalms.cs,ByDayOfWeek,6,,,,,F,,,,,,,,,,,,,19,17,,22,,
8,OrdinaryTimePsalms.cs,ByDayOfWeek,7,,,,,S,,,,,,,,,,,,,23,"20, 21",,24,25,
8,OrdinaryTimePsalms.cs,ByDayOfWeek,8,,,,,Su,,,,,,,,,,,,,,,,,,
8,OrdinaryTimePsalms.cs,ByDayOfWeek,9,,,,,M,,,,,,,,,,,,,30,27,,28,"26,29",
8,OrdinaryTimePsalms.cs,ByDayOfWeek,10,,,,,T,,,,,,,,,,,,,36,32,,33,,
8,OrdinaryTimePsalms.cs,ByDayOfWeek,11,,,,,W,,,,,,,,,,,,,34,,,119:33-56,,
8,OrdinaryTimePsalms.cs,ByDayOfWeek,12,,,,,Th,,,,,,,,,,,,,37,,,40,39,
8,OrdinaryTimePsalms.cs,ByDayOfWeek,13,,,,,F,,,,,,,,,,,,,31,,,35,,
8,OrdinaryTimePsalms.cs,ByDayOfWeek,14,,,,,S,,,,,,,,,,,,,42,"41, 43",,46,45,
8,OrdinaryTimePsalms.cs,ByDayOfWeek,15,,,,,Su,,,,,,,,,,,,,,,,,,
8,OrdinaryTimePsalms.cs,ByDayOfWeek,16,,,,,M,,,,,,,,,,,,,44,,,47,49,
8,OrdinaryTimePsalms.cs,ByDayOfWeek,17,,,,,T,,,,,,,,,,,,,48,52,,50,,
8,OrdinaryTimePsalms.cs,ByDayOfWeek,18,,,,,W,,,,,,,,,,,,,119:57-80,,,59,60,67
8,OrdinaryTimePsalms.cs,ByDayOfWeek,19,,,,,Th,,,,,,,,,,,,,57,56,63*,62,"61, 64",
8,OrdinaryTimePsalms.cs,ByDayOfWeek,20,,,,,F,,,,,,,,,,,,,51,54,,38,,
8,OrdinaryTimePsalms.cs,ByDayOfWeek,21,,,,,S,,,,,,,,,,,,,68,,,66,65,
8,OrdinaryTimePsalms.cs,ByDayOfWeek,22,,,,,Su,,,,,,,,,,,,,,,,,,
8,OrdinaryTimePsalms.cs,ByDayOfWeek,23,,,,,M,,,,,,,,,,,,,71,,,72,75,
8,OrdinaryTimePsalms.cs,ByDayOfWeek,24,,,,,T,,,,,,,,,,,,,73,,,74,,
8,OrdinaryTimePsalms.cs,ByDayOfWeek,25,,,,,W,,,,,,,,,,,,,77,,,119:81-104,,
8,OrdinaryTimePsalms.cs,ByDayOfWeek,26,,,,,Th,,,,,,,,,,,,,78:1-39*,,,78:40-end,,
8,OrdinaryTimePsalms.cs,ByDayOfWeek,27,,,,,F,,,,,,,,,,,,,55,,,69,,
8,OrdinaryTimePsalms.cs,ByDayOfWeek,28,,,,,S,,,,,,,,,,,,,76,79,,84,81,
8,OrdinaryTimePsalms.cs,ByDayOfWeek,29,,,,,Su,,,,,,,,,,,,,,,,,,
8,OrdinaryTimePsalms.cs,ByDayOfWeek,30,,,,,M,,,,,,,,,,,,,80,82,,85,86,
8,OrdinaryTimePsalms.cs,ByDayOfWeek,31,,,,,T,,,,,,,,,,,,,89:1-18,87,,89:19-end,,
8,OrdinaryTimePsalms.cs,ByDayOfWeek,32,,,,,W,,,,,,,,,,,,,119:105-128,,,91,93,
8,OrdinaryTimePsalms.cs,ByDayOfWeek,33,,,,,Th,,,,,,,,,,,,,92,90,,94,,
8,OrdinaryTimePsalms.cs,ByDayOfWeek,34,,,,,F,,,,,,,,,,,,,88,,95,102,,
8,OrdinaryTimePsalms.cs,ByDayOfWeek,35,,,,,S,,,,,,,,,,,,,97,"96,100",,104,,
8,OrdinaryTimePsalms.cs,ByDayOfWeek,36,,,,,Su,,,,,,,,,,,,,,,,,,
8,OrdinaryTimePsalms.cs,ByDayOfWeek,37,,,,,M,,,,,,,,,,,,,98,"99,101",,105*,103,
8,OrdinaryTimePsalms.cs,ByDayOfWeek,38,,,,,T,,,,,,,,,,,,,106*,103,,107*,,
8,OrdinaryTimePsalms.cs,ByDayOfWeek,39,,,,,W,,,,,,,,,,,,,111,"110,112",,119:129-152,,
8,OrdinaryTimePsalms.cs,ByDayOfWeek,40,,,,,Th,,,,,,,,,,,,,115,113,,116,"114,117",
8,OrdinaryTimePsalms.cs,ByDayOfWeek,41,,,,,F,,,,,,,,,,,,,139,,,130,"131, 137",
8,OrdinaryTimePsalms.cs,ByDayOfWeek,42,,,,,S,,,,,,,,,,,,,121,"120,122",,118,,
8,OrdinaryTimePsalms.cs,ByDayOfWeek,43,,,,,Su,,,,,,,,,,,,,,,,,,
8,OrdinaryTimePsalms.cs,ByDayOfWeek,44,,,,,M,,,,,,,,,,,,,126,"123,124,125",,127,"128,129",
8,OrdinaryTimePsalms.cs,ByDayOfWeek,45,,,,,T,,,,,,,,,,,,,132,133,,135,,134
8,OrdinaryTimePsalms.cs,ByDayOfWeek,46,,,,,W,,,,,,,,,,,,,119:153-end,,,136,,
8,OrdinaryTimePsalms.cs,ByDayOfWeek,47,,,,,Th,,,,,,,,,,,,,143,146,,138,"140, 141",
8,OrdinaryTimePsalms.cs,ByDayOfWeek,48,,,,,F,,,,,,,,,,,,,144,142,,145,,
8,OrdinaryTimePsalms.cs,ByDayOfWeek,49,,,,,S,,,,,,,,,,,,,147,,,148,"149, 150",
9,FeastDaysByDayOfMonth.cs,ByDayOfMonth,1,EveningBefore,1st EP of St Paul,,,,,1,24,,,,,,,,Isaiah 49:1-13,Acts 22:3-16,,,,149,,
9,FeastDaysByDayOfMonth.cs,ByDayOfMonth,2,Festival,,The Conversion of Saint Paul,,,,1,25,,,,,,Ezekiel 3:22-27,Philippians 3:1-14,Isaiah 56:1-8,Colossians 1:24-end; Colossians 2:1-7;,"66,147:12-20",,,119:41-56,,
9,FeastDaysByDayOfMonth.cs,ByDayOfMonth,3,EveningBefore,1st EP of the Presentation,,,,,2,1,,,,,,,,1 Samuel 1:19b-28,Hebrews 4:11-16,,,,118,,
9,FeastDaysByDayOfMonth.cs,ByDayOfMonth,4,PrincipalFeast;PrincipalHolyDay,,Presentation of Jesus at the Temple,,,,2,2,,,,,,Exodus 13:1-16,Romans 12:1-5,Haggai 2:1-9,John 2:18-22,"48,146",,,"122,132",,
9,FeastDaysByDayOfMonth.cs,ByDayOfMonth,5,EveningBefore,1st EP of Joseph,,,,,3,18,,,,,,,,Hosea 11:1-9,Luke 2:41-52,,,,132,,
9,FeastDaysByDayOfMonth.cs,ByDayOfMonth,6,Festival,,St Joseph of Nazereth,,,,3,19,,,,,,Isaiah 11:1-10,Matthew 13:54-58,Genesis 50:22-26,Matthew 2:13-23,"25,147:1-12",,,"1,112",,
9,FeastDaysByDayOfMonth.cs,ByDayOfMonth,7,EveningBefore,1st EP before the Annunciation,,,,,3,24,,,,,,,,Genesis 3:8-15,Galatians 4:1-5,,,,85,,
9,FeastDaysByDayOfMonth.cs,ByDayOfMonth,8,PrincipalFeast;PrincipalHolyDay,,The Annunciation,,,,3,25,,,,,,1 Samuel 2:1-10,Romans 5:12-21,Isaiah 52:1-12,Hebrews 2:5-18,"111,113",,,"131,146",,
9,FeastDaysByDayOfMonth.cs,ByDayOfMonth,9,EveningBefore,1st EP of St George,,,,,4,22,,,,,,,,,,,,,,,
9,FeastDaysByDayOfMonth.cs,ByDayOfMonth,10,Festival,,St George,,,,4,23,,,,,,,,,,,,,,,
9,FeastDaysByDayOfMonth.cs,ByDayOfMonth,11,EveningBefore,1st EP of St Mark,,,,,4,25,,,,,,,,Isaiah 52:7-10,Mark 1:1-15,,,,19,,
9,FeastDaysByDayOfMonth.cs,ByDayOfMonth,12,Festival,,St Mark the Evangelist,,,,4,26,,,,,,Isaiah 62:6-10,Acts 12:25-end; Acts 13:1-13,Ezekiel 1:4-14,2 Timothy 4:1-11,"37:23-41,148",,,45,,
9,FeastDaysByDayOfMonth.cs,ByDayOfMonth,13,EveningBefore,1st EP of St Phillip and St James,,,,,5,1,,,,,,,,Isaiah 40:27-31,John 12:20-26,,,,25,,
9,FeastDaysByDayOfMonth.cs,ByDayOfMonth,14,Festival,,"St Phillip and St James, Apostles",,,,5,2,,,,,,Proverbs 4:10-18,James 1:1-12,Job 23:1-12,John 1:43-51,"139,146",,,149,,
9,FeastDaysByDayOfMonth.cs,ByDayOfMonth,15,EveningBefore,1st EP of St Matthias,,,,,5,13,,,,,,,,Isaiah 22:15-22,"Philippians 3:13b-end,4:1",,,,147,,
9,FeastDaysByDayOfMonth.cs,ByDayOfMonth,16,Festival,,St Matthias the Apostle,,,,5,14,,,,,,1 Samuel 2:27-35,Acts 2:37-47,1 Samuel 16:1-13a,Matthew 7:15-27,16,,,80,,
9,FeastDaysByDayOfMonth.cs,ByDayOfMonth,17,EveningBefore,1st EP of the Visitation of Mary to Elizabeth,,,,,5,30,,,,,,,,Song of Solomon 2:8-14,Luke 1:26-38,,,,45,,
9,FeastDaysByDayOfMonth.cs,ByDayOfMonth,18,Festival,,The Visitation of Mary to Elizabeth,,,,5,31,,,,,,1 Samuel 2:1-10,Mark 3:31-35,Zechariah 2:10-13,John 3:25-30,85,,,122,,
9,FeastDaysByDayOfMonth.cs,ByDayOfMonth,19,EveningBefore,1st EP of St Barnabas,,,,,6,10,,,,,,,,Isaiah 42:5-12,Acts 14:8-28,,,,"1,15",,
9,FeastDaysByDayOfMonth.cs,ByDayOfMonth,20,Festival,,Barnabas the Apostle,,,,6,11,,,,,,Jeremaiah 9:23-24,Acts 4:32-37,Isaiah 40:12-31,Mark 1:1-13,"100,101,117",,,"97,98",,
9,FeastDaysByDayOfMonth.cs,ByDayOfMonth,21,EveningBefore,1st EP of St John the Baptist,,,,,6,23,,,,,,,,"Judges 13:2-7,13:24-25",Luke 1:5-25,,,,71,,
9,FeastDaysByDayOfMonth.cs,ByDayOfMonth,22,Festival,,St John the Baptist,,,,6,24,,,,,,Malachi 3:1-6,Luke 3:1-17,Malachi 4,Matthew 11:2-19,"50,149",,,"80,82",,
9,FeastDaysByDayOfMonth.cs,ByDayOfMonth,23,EveningBefore,1st EP of St Peter and St Paul,,,,,6,28,,,,,,,,Ezekiel 3:4-11,"Galatians 1:13-end,2:1-8",,,,"66,67",,
9,FeastDaysByDayOfMonth.cs,ByDayOfMonth,24,Festival,,"St Peter and St Paul, Apostles, Martyrs",,,,6,29,,,,,,Isaiah 49:1-6,Acts 11:1-18,Ezekiel 34:11-16,John 21:15-22,"71,113",,,"124,138",,
9,FeastDaysByDayOfMonth.cs,ByDayOfMonth,25,EveningBefore,1st EP of St Thomas,,,,,7,2,,,,,,,,Isaiah 35,"Hebrews 10:35-end,11:1",,,,27,,
9,FeastDaysByDayOfMonth.cs,ByDayOfMonth,26,Festival,,Thomas the Apostle,,,,7,3,,,,,,2 Samuel 15:17-21,John 11:1-16,Job 42:1-6,1 Peter 1:3-12,"92,146",,,139,,
9,FeastDaysByDayOfMonth.cs,ByDayOfMonth,27,EveningBefore,1st EP of St Mary Magdalene,,,,,7,21,,,,,,,,Isaiah 25:1-9,2 Corinthians 1:3-7,,,,139,,
9,FeastDaysByDayOfMonth.cs,ByDayOfMonth,28,Festival,,St Mary Magdalene,,,,7,22,,,,,,1 Samuel 16:14-23,Luke 8:1-3,Zephaniah 3:14-20,"Mark 15:40-end,16:1-7","30,32,150",,,63,,
9,FeastDaysByDayOfMonth.cs,ByDayOfMonth,29,EveningBefore,1st EP of St James,,,,,7,24,,,,,,,,Deuteronomy 30:11-20,Mark 5:21-43,,,,144,,
9,FeastDaysByDayOfMonth.cs,ByDayOfMonth,30,Festival,,St James the Apostle,,,,7,25,,,,,,2 Kings 1:9-15,Luke 9:46-56,Jeremiah 26:1-15,Mark 1:14-20,"7,29,117",,,94,,
9,FeastDaysByDayOfMonth.cs,ByDayOfMonth,31,EveningBefore,1st EP of the Transfiguration,,,,,8,5,,,,,,,,,,,,,,,
9,FeastDaysByDayOfMonth.cs,ByDayOfMonth,32,Festival,,The Transfiguration of the Beloved Son,,,,8,6,,,,,,,,,,,,,,,
9,FeastDaysByDayOfMonth.cs,ByDayOfMonth,33,EveningBefore,1st EP of the Blessed Virgin Mary,,,,,8,14,,,,,,,,,,,,,,,
9,FeastDaysByDayOfMonth.cs,ByDayOfMonth,34,Festival,,The Blessed Virgin Mary,,,,8,15,,,,,,,,,,,,,,,
9,FeastDaysByDayOfMonth.cs,ByDayOfMonth,35,EveningBefore,1st EP of St Bartholomew,,,,,8,23,,,,,,,,,,,,,,,
9,FeastDaysByDayOfMonth.cs,ByDayOfMonth,36,Festival,,St Bartholomew the Apostle,,,,8,24,,,,,,,,,,,,,,,
9,FeastDaysByDayOfMonth.cs,ByDayOfMonth,37,EveningBefore,1st EP of Holy Cross Day,,,,,9,13,,,,,,,,,,,,,,,
9,FeastDaysByDayOfMonth.cs,ByDayOfMonth,38,Festival,,Holy Cross Day,,,,9,14,,,,,,,,,,,,,,,
9,FeastDaysByDayOfMonth.cs,ByDayOfMonth,39,EveningBefore,1st EP of St Matthew,,,,,9,20,,,,,,,,,,,,,,,
9,FeastDaysByDayOfMonth.cs,ByDayOfMonth,40,Festival,,"St Matthew, Apostle and Evangelist",,,,9,21,,,,,,,,,,,,,,,
9,FeastDaysByDayOfMonth.cs,ByDayOfMonth,41,EveningBefore,1st EP of Michaelmas,,,,,9,28,,,,,,,,,,,,,,,
9,FeastDaysByDayOfMonth.cs,ByDayOfMonth,42,Festival,,St Michael and All Angels / Michaelmas,,,,9,29,,,,,,,,,,,,,,,
9,FeastDaysByDayOfMonth.cs,ByDayOfMonth,43,EveningBefore,1st EP of St Luke,,,,,10,17,,,,,,,,,,,,,,,
9,FeastDaysByDayOfMonth.cs,ByDayOfMonth,44,Festival,,St Luke the Evangelist,,,,10,18,,,,,,,,,,,,,,,
9,FeastDaysByDayOfMonth.cs,ByDayOfMonth,45,EveningBefore,First EP of St Simon and St Jude,,,,,10,27,,,,,,,,,,,,,,,
9,FeastDaysByDayOfMonth.cs,ByDayOfMonth,46,Festival,,"St Simon and St Jude, Apostles",,,,10,28,,,,,,,,,,,,,,,
9,FeastDaysByDayOfMonth.cs,ByDayOfMonth,47,EveningBefore,1st EP before All Saints Day,,,,,10,31,,,,,,,,,,,,,,,
9,FeastDaysByDayOfMonth.cs,ByDayOfMonth,48,PrincipalFeast;PrincipalHolyDay,,All Saints Day,,,,11,1,,,,,,,,,,,,,,,
9,FeastDaysByDayOfMonth.cs,ByDayOfMonth,49,EveningBefore,1st EP of St Andrew,,,,,11,29,,,,,,,,,,,,,,,
9,FeastDaysByDayOfMonth.cs,ByDayOfMonth,50,Festival,,St Andrew the Apostle,,,,11,30,,,,,,,,,,,,,,,
10,ManuallyExtractedSundays.cs,ByDayOfMonth,0,,,,,,,12,5,,,,,,Isaiah 64:1-7,Matthew 11:2-11,Isaiah 40:1-11,Luke 1:1-25,80,,,75,,
10,ManuallyExtractedSundays.cs,ByDayOfMonth,1,,,,,,2021,12,12,,,,,,Isaiah 25:1-9,1 Corinthians 4:1-5,Isaiah 35,Luke 1:57-66,"12,14",,,50:1-6,,
10,ManuallyExtractedSundays.cs,ByDayOfMonth,2,,,,,,2021,12,19,,,,,,Isaiah 32:1-8,Revelation 22:6-21,Isaiah 10:33–11:10,Matthew 1:18-25,144,,,123,,
10,ManuallyExtractedSundays.cs,ByDayOfMonth,3,,,,,,2021,12,26,,,,,,Jeremiah 26:12-15,Acts 6,Genesis 4:1-10,Matthew 23:34-39,13,,,86,,
10,ManuallyExtractedSundays.cs,ByDayOfMonth,4,,,,,,2022,1,2,,,,,,Isaiah 12,1 Thes 2:1-8,1 Samuel 1:20-end,1 John 4:7-16,87,,,135,,
10,ManuallyExtractedSundays.cs,ByDayOfMonth,5,,,,,,2022,1,9,,,,,,Isaiah 42:1-9,Acts 19:1-7,Isaiah 55:1-11,Romans 6:1-11,89:19-29,,,"46,47",,
10,ManuallyExtractedSundays.cs,ByDayOfMonth,6,,,,,,2022,1,16,,,,,,Isaiah 49:1-7,Acts 16:11-15,1 Samuel 3:1-20,Ephesians 4:1-16,145:1-13,,,96,,
10,ManuallyExtractedSundays.cs,ByDayOfMonth,7,,,,,,2022,1,23,,,,,,Deuteronomy 30:11-15,3 John 1:5-8,Numbers 9:15-23,1 Corinthians 7:17-24,113,,,33,,
10,ManuallyExtractedSundays.cs,ByDayOfMonth,8,,,,,,2022,1,30,,,,,,Micah 6:1-8,1 Corinthians 6:12-20,1 Chronicles on 29:6-19,Acts 7:44-50,"71:1-6,15-17",,,34,,
10,ManuallyExtractedSundays.cs,ByDayOfMonth,9,,,,,,2022,2,6,,,,,,Jeremiah 26:1-16,Acts 3:1-10,Hosea 1,Colossians 3:1-22,"3,4",,,2,,
10,ManuallyExtractedSundays.cs,ByDayOfMonth,10,,,,,,2022,2,13,,,,,,"Jeremiah 30:1-3,10-22",Acts 6,"Hosea 10:1-8,12",Galatians 4:8-20,7,,,6,,
10,ManuallyExtractedSundays.cs,ByDayOfMonth,11,,,,,,2022,2,20,,,,,,Jeremiah 28:1-11,Acts 14:8-17,Genesis 1:1-2:3,Matthew 6:25-end,104:1-26,,,147,,
10,ManuallyExtractedSundays.cs,ByDayOfMonth,12,,,,,,2022,2,27,,,,,,Jeremiah 28:1-11,Acts 14:8-17,Genesis 1:1-2:3,Matthew 6:25-end,104:1-26,,,147,,
10,ManuallyExtractedSundays.cs,ByDayOfMonth,13,,,,,,2022,3,6,,,,,,Micah 6:1-8,Luke 5:27-39,Jonah 3,Luke 18:9-14,50:1-15,,,119:73-88,,
10,ManuallyExtractedSundays.cs,ByDayOfMonth,14,,,,,,2022,3,13,,,,,,"Genesis 17:1-7,15-16",Romans 11:13-24,"Jeremiah 22:1-9,13-17",Luke 14:27-33,119:161-176,,,135,,
10,ManuallyExtractedSundays.cs,ByDayOfMonth,15,,,,,,2022,3,20,,,,,,Deuteronomy 6:4-9,"John 17:1a,11b-19",Genesis 28:10-19a,John 1:35-51,"26,28",,,"12,13",,
10,ManuallyExtractedSundays.cs,ByDayOfMonth,16,,,,,,2022,3,27,,,,,,"Genesis 37:3-4,12-36",1 Peter 2:16-25,Isaiah 40:27–41:13,2 Timothy 4:1-18,"84,85",,,30,,
10,ManuallyExtractedSundays.cs,ByDayOfMonth,17,,,,,,2022,4,3,,,,,,Isaiah 35:1-10,Romans 7:21–8:4,"2 Chronicles 35:1-6,10-16",Luke 22:1-13,"111,112",,,35,,
10,ManuallyExtractedSundays.cs,ByDayOfMonth,18,,,,,,2022,4,10,,,,,,Zechariah 9:9-12,1 Corinthians 2:1-12,Isaiah 5:1-7,Mark 12:1-12,"61,62",,,69:1-19,,
10,ManuallyExtractedSundays.cs,ByDayOfMonth,19,,,,,,2022,4,17,,,,,,Ezekiel 47:1-12,John 2:13-22,Isaiah 43:1-21,1 Corinthians 15:1-11,"114,117",,,105,,
10,ManuallyExtractedSundays.cs,ByDayOfMonth,20,,,,,,2022,4,24,,,,,,Exodus 12:1-13,1 Peter 1:3-12,Isaiah 52:13-53:12,Luke 24:13-35,136:1-16,,,16,,
10,ManuallyExtractedSundays.cs,ByDayOfMonth,21,,,,,,2022,5,1,,,,,,"Exodus 15:1-2,9-18",John 10:1-19,Isaiah 40:27-31,John 12:20-26,80:1-7,,,25,,
10,ManuallyExtractedSundays.cs,ByDayOfMonth,22,,,,,,2022,5,8,,,,,,1 Kings 17:17-24,Luke 7:11-23,Isaiah 63:7-14,Luke 24:36-49,146,,,"113,114",,
10,ManuallyExtractedSundays.cs,ByDayOfMonth,23,,,,,,2022,5,15,,,,,,2 Samuel 7:4-13,"Acts 2:14a,2:22-32",Daniel 6:6-23,Mark 15:46–16:8,16,,,98,,
10,ManuallyExtractedSundays.cs,ByDayOfMonth,24,,,,,,2022,5,22,,,,,,Genesis 1:26-28,Colossians 3:1-11,Zephaniah 3:14-20,"Matthew 28:1-10,28:16-20",40:1-9,,,"126,127",,
10,ManuallyExtractedSundays.cs,ByDayOfMonth,25,,,,,,2022,5,29,,,,,,Deuteronomy 34,Luke 24:44-53,Isaiah 44:1-8,Ephesians 4:7-16,99,,,68,,
10,ManuallyExtractedSundays.cs,ByDayOfMonth,26,,,,,,2022,6,5,,,,,,Isaiah 40:12-23,1 Corinthians 2:6-16,Exodus 33:7-20,2 Corinthians 3:4-18,"36:5-10,150",,,33:1-12,,
10,ManuallyExtractedSundays.cs,ByDayOfMonth,27,,,,,,2022,6,12,,,,,,Isaiah 6:1-8,Revelation 4,Exodus 3:1-15,John 3:1-17,29,,,"73:1-3,16-28",,
10,ManuallyExtractedSundays.cs,ByDayOfMonth,28,,,,,,2022,6,19,,,,,,Deuteronomy 11:1-15,Acts 27:1-12,Genesis 24:1-27,Mark 5:21-end,"55:1-16,55:18-21",,,57,,
10,ManuallyExtractedSundays.cs,ByDayOfMonth,29,,,,,,2022,6,26,,,,,,Deuteronomy 15:1-11,Acts 27:33-44,Genesis 27:1-40,Mark 6:1-6,64,,,60,,
10,ManuallyExtractedSundays.cs,ByDayOfMonth,30,,,,,,2022,7,3,,,,,,2 Samuel 15:17-21,John 11:1-16,Job 42:1-6,1 Peter 1:3-12,"92,146",,,139,,
10,ManuallyExtractedSundays.cs,ByDayOfMonth,31,,,,,,2022,7,10,,,,,,Deuteronomy 28:1-14,Acts 28:17-31,Genesis 32:9-30,Mark 7:1-23,76,,,77,,
10,ManuallyExtractedSundays.cs,ByDayOfMonth,32,,,,,,2022,7,17,,,,,,Deuteronomy 30:1-10,1 Peter 3:8-18,"Genesis 41:1-16,25-37",1 Corinthians 4:8-13,"82,100",,,81,,
10,ManuallyExtractedSundays.cs,ByDayOfMonth,33,,,,,,2022,7,24,,,,,,Song of Solomon 2,1 Peter 4:7-14,Deuteronomy 30:11-20,Mark 5:21-43,95,,,144,,
10,ManuallyExtractedSundays.cs,ByDayOfMonth,34,,,,,,2022,7,31,,,,,,Song of Solomon 5:2-16,2 Peter 1:1-15,Genesis 50:4-26,1 Corinthians 14:1-19,106:1-10,,,107:1-32,,
10,ManuallyExtractedSundays.cs,ByDayOfMonth,35,,,,,,2022,8,7,,,,,,Song of Solomon 8:5-7,2 Peter 3:8-13,Isaiah 11:10–12:6,2 Corinthians 1:1-22,115,,,108,,
10,ManuallyExtractedSundays.cs,ByDayOfMonth,36,,,,,,2022,8,14,,,,,,Jonah 1,2 Peter 3:14-18,Proverbs 8:22-31,John 19:23-27,119:33-48,,,72,,
10,ManuallyExtractedSundays.cs,ByDayOfMonth,37,,,,,,2022,8,21,,,,,,Jonah 2,Revelation 1,Isaiah 30:8-21,2 Corinthians 9,119:73-88,,,119:49-72,,
10,ManuallyExtractedSundays.cs,ByDayOfMonth,38,,,,,,2022,8,28,,,,,,Jonah 3:1-9,Revelation 3:14-22,Isaiah 33:13-22,John 3:22-36,119:161-176,,,119:81-96,,
10,ManuallyExtractedSundays.cs,ByDayOfMonth,39,,,,,,2022,9,4,,,,,,Jonah 3:10–4:11,Revelation 8:1-5,"Isaiah 43:14–end,44:1-5",John 5:30-47,"122,123",,,121,,
10,ManuallyExtractedSundays.cs,ByDayOfMonth,40,,,,,,2022,9,11,,,,,,"Isaiah 44:24–end,45:1-8",Revelation 12:1-12,Isaiah 60,John 6:51-69,"126,127",,,"124,125",,
10,ManuallyExtractedSundays.cs,ByDayOfMonth,41,,,,,,2022,9,18,,,,,,Isaiah 45:9-22,Revelation 14:1-5,Ezra 1,John 7:14-36,"130,131",,,129,,
10,ManuallyExtractedSundays.cs,ByDayOfMonth,42,,,,,,2022,9,25,,,,,,Isaiah 48:12-22,Luke 1:37-54,Nehemiah 2,"John 8:31-38,48-59",132,,,"134,135",,
10,ManuallyExtractedSundays.cs,ByDayOfMonth,43,,,,,,2022,10,2,,,,,,Isaiah 49:13-23,Luke 12:1-12,Nehemiah 5:1-13,John 9,141,,,142,,
10,ManuallyExtractedSundays.cs,ByDayOfMonth,44,,,,,,2022,10,9,,,,,,Isaiah 50:4-10,Luke 13:22-30,Nehemiah 6:1-16,John 15:12-27,143,,,144,,
10,ManuallyExtractedSundays.cs,ByDayOfMonth,45,,,,,,2022,10,16,,,,,,Isaiah 54:1-14,Luke 13:31-35,Nehemiah 8:9-18,John 16:1-11,147,,,149,,
10,ManuallyExtractedSundays.cs,ByDayOfMonth,46,,,,,,2022,10,23,,,,,,Isaiah 59:9-20,Luke 14:1-14,"Ecclesiastes 11,12",2 Timothy 2:1-7,119:105-128,,,119:1-16,,
10,ManuallyExtractedSundays.cs,ByDayOfMonth,47,,,,,,2022,10,30,,,,,,Job 26,Colossians 1:9-14,Lamentations 3:22-33,John 11:32-44,87,,,145,,
10,ManuallyExtractedSundays.cs,ByDayOfMonth,48,,,,,,2022,11,6,,,,,,Isaiah 2:1-5,James 3:13-18,1 Kings 3:1-15,Romans 8:31-39,"20,90",,,40,,
10,ManuallyExtractedSundays.cs,ByDayOfMonth,49,,,,,,2022,11,13,,,,,,1 Samuel 16:1-13,Matthew 13:44-52,Daniel 6,"Matthew 13:1-9,18-23",132,,,97,,
10,ManuallyExtractedSundays.cs,ByDayOfMonth,50,,,,,,2022,11,20,,,,,,Zechariah 6:9-15,Revelation 11:15-18,1 Samuel 8:4-20,John 18:33-37,"29,110",,,72,,
10,ManuallyExtractedSundays.cs,ByDayOfMonth,51,,,,,,2022,11,27,,,,,,Micah 4:1-7,1 Thessalonians 5:1-11,Isaiah 52:1-12,Matthew 24:15-28,44,,,9,,
10,ManuallyExtractedSundays.cs,ByDayOfMonth,52,,,,,,2022,11,27,,,,,,Micah 4:1-7,1 Thessalonians 5:1-11,Isaiah 52:1-12,Matthew 24:15-28,44,,,9,,
10,ManuallyExtractedSundays.cs,ByDayOfMonth,53,,,,,,2022,12,4,,,,,,Amos 7,Luke 1:5-20,1 Kings 18:17-39,John 1:19-28,80,,,11,,
10,ManuallyExtractedSundays.cs,ByDayOfMonth,54,,,,,,2022,12,11,,,,,,Zephaniah 3:14-20,Philippians 4:4-7,Isaiah 5:8-30,Acts 13:13-41,68:1-19,,,12,,
10,ManuallyExtractedSundays.cs,ByDayOfMonth,55,,,,,,2022,12,18,,,,,,Micah 5:2-5a,Luke 1:26-38,1 Samuel 1:1-20,Revelation 22:6-21,144,,,113,,
10,ManuallyExtractedSundays.cs,ByDayOfMonth,56,,,,,,2022,12,25,,,,,,Isaiah 62:1-5,Matthew 1:18-25,Isaiah 65:17-25,Philippians 2:5-11,110,,,8,,
10,ManuallyExtractedSundays.cs,ByDayOfMonth,57,,,,,,2023,1,1,,,,,,Genesis 17:1-13,Romans 2:17-29,Deuteronomy 30:11-20,Acts 3:1-16,103,,,115,,
10,ManuallyExtractedSundays.cs,ByDayOfMonth,58,,,,,,2023,1,8,,,,,,Exodus 14:15-22,1 John 5:6-9,"Joshua 3:1-8,14-17",Hebrews 1:1-12,89:19-29,,,"46,47",,
10,ManuallyExtractedSundays.cs,ByDayOfMonth,59,,,,,,2023,1,15,,,,,,Jeremiah 1:4-10,Mark 1:14-20,Ezekiel 2:1-3:4,Galatians 1:11-24,145:1-12,,,96,,
10,ManuallyExtractedSundays.cs,ByDayOfMonth,60,,,,,,2023,1,22,,,,,,Amos 3:1-8,1 John 1:1-4,Ecclesiastes 3:1-11,1 Peter 1:3-12,113,,,33,,
10,ManuallyExtractedSundays.cs,ByDayOfMonth,61,,,,,,2023,1,29,,,,,,Haggai 2:1-9,1 Cor 3:10-17,Genesis 28:10-end,Philemon 1-16,"71:1-6,15-17",,,34,,
10,ManuallyExtractedSundays.cs,ByDayOfMonth,62,,,,,,2023,2,5,,,,,,Jeremiah 26:1-16,Acts 3:1-10,Amos 2:4-16,Ephesians 4:17-32,"5,6",,,4,,
10,ManuallyExtractedSundays.cs,ByDayOfMonth,63,,,,,,2023,2,12,,,,,,Job 38:1-21,Colossians 1:15-20,"Proverbs 8:1,22-31",Revelation 4,"100,150",,,148,,
10,ManuallyExtractedSundays.cs,ByDayOfMonth,64,,,,,,2023,2,19,,,,,,Exodus 34:29-end,2 Corinthians 4:3-6,2 Kings 2:1-12,Matthew 17:9-23,72,,,84,,
10,ManuallyExtractedSundays.cs,ByDayOfMonth,65,,,,,,2023,2,26,,,,,,Jeremiah 18:1-11,Luke 18:9-14,"Deuteronomy 6:4-9,6:16-25",Luke 15:1-10,119:1-16,,,50:1-15,,
10,ManuallyExtractedSundays.cs,ByDayOfMonth,66,,,,,,2023,3,5,,,,,,Jeremiah 22:1-9,Matthew 8:1-13,Numbers 21:4-9,Luke 14:27-33,74,,,135,,
10,ManuallyExtractedSundays.cs,ByDayOfMonth,67,,,,,,2023,3,12,,,,,,Amos 7:10-17,2 Corinthians 1:1-11,Joshua 1:1-9,Ephesians 6:10-20,46,,,40,,
10,ManuallyExtractedSundays.cs,ByDayOfMonth,68,,,,,,2023,3,19,,,,,,Isaiah 43:1-7,Ephesians 2:8-14,Micah 7,James 5,19,,,31:1-16,,
10,ManuallyExtractedSundays.cs,ByDayOfMonth,69,,,,,,2023,3,26,,,,,,Jeremiah 31:27-37,John 12:20-33,Lamentations 3:19-33,Matthew 20:17-34,86,,,30,,
10,ManuallyExtractedSundays.cs,ByDayOfMonth,70,,,,,,2023,4,2,,,,,,Zechariah 9:9-12,Luke 16:19-31,Isaiah 5:1-7,Matthew 21:33-46,"61,62",,,80,,
10,ManuallyExtractedSundays.cs,ByDayOfMonth,71,,,,,,2023,4,9,,,,,,"Exodus 14:10-18,14:26–end,15:1-2",Revelation 15:2-4,"Song of Solomon 3:2-5,8:6-7",John 20:11-18,"114,117",,,105,,
10,ManuallyExtractedSundays.cs,ByDayOfMonth,72,,,,,,2023,4,16,,,,,,Exodus 12:1-17,1 Corinthians 5:6b-8,Daniel 6:1-23,Mark 15:46–16:8,81:1-10,,,30:1-5,,
10,ManuallyExtractedSundays.cs,ByDayOfMonth,73,,,,,,2023,4,23,,,,,,Isaiah 40:1-11,1 Peter 5:1-11,Haggai 1:13 – 2:9,1 Cor 3:10-17,23,,,48,,
10,ManuallyExtractedSundays.cs,ByDayOfMonth,74,,,,,,2023,4,30,,,,,,Nehemiah 9:6-15,1 Corinthians 10:1-13,Ezra 3:1-13,Ephesians 2:11-22,106:6-24,,,29:1-10,,
10,ManuallyExtractedSundays.cs,ByDayOfMonth,75,,,,,,2023,5,7,,,,,,Ezekiel 37:1-12,John 5:19-29,Zechariah 4:1-10,Revelation 21:1-14,30,,,147:1-12,,
10,ManuallyExtractedSundays.cs,ByDayOfMonth,76,,,,,,2023,5,14,,,,,,"Job 14:1-2,14:7-15,19:23-27a",Thess 4:13-18,Zechariah 8:1-13,"Revelation 21:22–end,22:1-5",73:21-28,,,"87,36:5-10",,
10,ManuallyExtractedSundays.cs,ByDayOfMonth,77,,,,,,2023,5,21,,,,,,Isaiah 65:17-25,Revelation 21:1-8,1 Samuel 23:1-5,Ephesians 1:15-23,104:26-35,,,47,,
10,ManuallyExtractedSundays.cs,ByDayOfMonth,78,,,,,,2023,5,28,,,,,,Genesis 11:1-9,Acts 10:34-48,Joel 2:21-32,Acts 2:14-21,87,,,"67,133",,
10,ManuallyExtractedSundays.cs,ByDayOfMonth,79,,,,,,2023,6,4,,,,,,"Exodus 3:1-6,13-15",John 17:1-11,Isaiah 6:1-8,John 16:5-15,86:8-13,,,"93,150",,
10,ManuallyExtractedSundays.cs,ByDayOfMonth,80,,,,,,2023,6,11,,,,,,Deuteronomy 6:10-25,Acts 22:22-23:11,1 Samuel 18:1-16,Luke 8:41-56,38,,,41,,
10,ManuallyExtractedSundays.cs,ByDayOfMonth,81,,,,,,2023,6,18,,,,,,Deuteronomy 10:12-11:1,Acts 23:12-end,1 Samuel 21:1-15,Luke 11:14-28,45,,,43,,
10,ManuallyExtractedSundays.cs,ByDayOfMonth,82,,,,,,2023,6,25,,,,,,Deuteronomy 11:1-15,Acts 27:1-12,1 Samuel 24:1-17,Luke 14:12-24,49,,,46,,
10,ManuallyExtractedSundays.cs,ByDayOfMonth,83,,,,,,2023,7,2,,,,,,Deuteronomy 15:1-11,Acts 27:13-44,1 Samuel 28:3-19,Luke 17:20-24,"52,53",,,50,,
10,ManuallyExtractedSundays.cs,ByDayOfMonth,84,,,,,,2023,7,9,,,,,,Deuteronomy 24:10-22,Acts 28:1-16,"2 Samuel 2:1-11,3:1",Luke 18:31–19:10,"55:1-15,18-22",,,56,,
10,ManuallyExtractedSundays.cs,ByDayOfMonth,85,,,,,,2023,7,16,,,,,,Deuteronomy 28:1-14,Acts 28:17-31,2 Samuel 7:18-29,Luke 19:41–20:8,"64,65",,,60,,
10,ManuallyExtractedSundays.cs,ByDayOfMonth,86,,,,,,2023,7,23,,,,,,Deuteronomy 30:1-10,1 Peter 3:8-18,"1 Kings 2:10-12,3:16-28",Acts 4:1-22,71,,,67,,
10,ManuallyExtractedSundays.cs,ByDayOfMonth,87,,,,,,2023,7,30,,,,,,Song of Solomon 2,1 Macc 2:15-22,"1 Kings 6:11-14,23-38",Acts 12:1-17,77,,,75,,
10,ManuallyExtractedSundays.cs,ByDayOfMonth,88,,,,,,2023,8,6,,,,,,1 Kings 19:1-16,1 John 3:1-3,Exodus 34:29-35,2 Corinthians 3,"27,150",,,72,,
10,ManuallyExtractedSundays.cs,ByDayOfMonth,89,,,,,,2023,8,13,,,,,,Song of Solomon 8:5-7,2 Peter 3:8-13,"1 Kings 11:41–end,12:1-20",Acts 14:8-20,88,,,86,,
10,ManuallyExtractedSundays.cs,ByDayOfMonth,90,,,,,,2023,8,20,,,,,,Jonah 1,2 Peter 3:14-18,2 Kings 4:1-37,Acts 16:1-15,92,,,90,,
10,ManuallyExtractedSundays.cs,ByDayOfMonth,91,,,,,,2023,8,27,,,,,,Jonah 2,Revelation 1,2 Kings 6:8-23,Acts 17:15-34,104:1-25,,,95,,
10,ManuallyExtractedSundays.cs,ByDayOfMonth,92,,,,,,2023,9,3,,,,,,Jonah 3:1-9,Revelation 3:14-22,"2 Kings 6:24-25,7:3-20",Acts 18:1-16,107:1-32,,,105:1-15,,
10,ManuallyExtractedSundays.cs,ByDayOfMonth,93,,,,,,2023,9,10,,,,,,Jonah 3:10–4:11,Revelation 8:1-5,Ezekiel 12:21–13:16,Acts 19:1-20,119:17-32,,,108,,
10,ManuallyExtractedSundays.cs,ByDayOfMonth,94,,,,,,2023,9,17,,,,,,Isaiah 44:24–45:8,Revelation 12:1-12,"Ezekiel 20:1-8,33-44",Acts 20:17-38,119:65-88,,,119:41-48,,
10,ManuallyExtractedSundays.cs,ByDayOfMonth,95,,,,,,2023,9,24,,,,,,Isaiah 45:9-22,Revelation 14:1-5,"Ezekiel 33:23,33:30–end,34:10","Acts 26:1,9-25",119:153-176,,,119:113-136,,
10,ManuallyExtractedSundays.cs,ByDayOfMonth,96,,,,,,2023,10,1,,,,,,Isaiah 48:12-21,Luke 11:37-54,Ezekiel 37:15-28,1 John 2:22-29,"125,126,127",,,124,,
10,ManuallyExtractedSundays.cs,ByDayOfMonth,97,,,,,,2023,10,8,,,,,,Isaiah 49:13-23,Luke 12:1-12,Proverbs 2:1-11,1 John 2:1-17,"128,129,134",,,136,,
10,ManuallyExtractedSundays.cs,ByDayOfMonth,98,,,,,,2023,10,15,,,,,,Isaiah 50:4-10,Luke 13:22-30,Proverbs 3:1-18,1 John 3:1-15,"138,141",,,139:1-18,,
10,ManuallyExtractedSundays.cs,ByDayOfMonth,99,,,,,,2023,10,22,,,,,,Isaiah 54:1-14,Luke 13:31-35,Proverbs 4:1-18,"1 John 3:16-end,4:1-6","145,149",,,142,,
10,ManuallyExtractedSundays.cs,ByDayOfMonth,100,,,,,,2023,10,29,,,,,,Isaiah 59:9-20,Luke 14:1-14,"Eccles 11,12",2 Tim 2:1-7,119:137-152,,,119:89-104,,
10,ManuallyExtractedSundays.cs,ByDayOfMonth,101,,,,,,2023,11,5,,,,,,Isaiah 66:20-23,Ephesians 1:11-23,Daniel 7:1-18,Luke 6:17-31,33,,,"111,117",,
10,ManuallyExtractedSundays.cs,ByDayOfMonth,102,,,,,,2023,11,12,,,,,,Deuteronomy 17:14-20,1 Timothy 2:1-7,Judges 7:2-22,John 15:9-17,91,,,82,,
10,ManuallyExtractedSundays.cs,ByDayOfMonth,103,,,,,,2023,11,19,,,,,,Daniel 10:19-21,Revelation 4,1 Kings 1:15-40,Revelation 1:4-18,98,,,89:19-36,,
10,ManuallyExtractedSundays.cs,ByDayOfMonth,104,,,,,,2023,11,26,,,,,,"Isaiah 4:2-end,5:1-7",Luke 19:29-38,2 Samuel 23:1-7,Matthew 28:16-20,"29,110",,,93,,